-- --------------------------------------------------------
-- Хост:                         127.0.0.1
-- Версия сервера:               8.0.22 - MySQL Community Server - GPL
-- Операционная система:         Win64
-- HeidiSQL Версия:              11.1.0.6116
-- --------------------------------------------------------

/*!40101 SET @OLD_CHARACTER_SET_CLIENT=@@CHARACTER_SET_CLIENT */;
/*!40101 SET NAMES utf8 */;
/*!50503 SET NAMES utf8mb4 */;
/*!40014 SET @OLD_FOREIGN_KEY_CHECKS=@@FOREIGN_KEY_CHECKS, FOREIGN_KEY_CHECKS=0 */;
/*!40101 SET @OLD_SQL_MODE=@@SQL_MODE, SQL_MODE='NO_AUTO_VALUE_ON_ZERO' */;
/*!40111 SET @OLD_SQL_NOTES=@@SQL_NOTES, SQL_NOTES=0 */;


-- Дамп структуры базы данных projectlogs
CREATE DATABASE IF NOT EXISTS `projectlogs` /*!40100 DEFAULT CHARACTER SET utf8mb4 COLLATE utf8mb4_0900_ai_ci */ /*!80016 DEFAULT ENCRYPTION='N' */;
USE `projectlogs`;

-- Дамп структуры для таблица projectlogs.adminlog
CREATE TABLE IF NOT EXISTS `adminlog` (
  `time` datetime DEFAULT NULL,
  `admin` varchar(150) DEFAULT NULL,
  `action` varchar(100) DEFAULT NULL,
  `player` varchar(150) DEFAULT NULL,
  KEY `time` (`time`) USING BTREE,
  KEY `admin` (`admin`) USING BTREE,
  KEY `action` (`action`) USING BTREE,
  KEY `player` (`player`) USING BTREE
) ENGINE=InnoDB DEFAULT CHARSET=utf8 ROW_FORMAT=DYNAMIC;

-- Дамп данных таблицы projectlogs.adminlog: ~61 rows (приблизительно)
DELETE FROM `adminlog`;
/*!40000 ALTER TABLE `adminlog` DISABLE KEYS */;
INSERT INTO `adminlog` (`time`, `admin`, `action`, `player`) VALUES
	('2020-11-17 20:17:46', 'Corbiezx_Dev', 'setFracLeader(14)', 'Corbiezx_Dev'),
	('2020-11-17 20:23:00', 'Corbiezx_Dev', 'vehCreate(t20)', ''),
	('2020-11-17 20:25:46', 'Corbiezx_Dev', 'vehCreate(cheburek)', ''),
	('2020-11-17 20:27:01', 'Corbiezx_Dev', 'vehCreate(f)', ''),
	('2020-11-17 20:28:51', 'Corbiezx_Dev', 'vehCreate(Coach)', ''),
	('2020-11-17 21:27:11', 'Corbiezx_Dev', 'giveGun(Revolver,111111111)', 'Corbiezx_Dev'),
	('2020-11-17 21:29:50', 'Corbiezx_Dev', 'vehCreate(neon)', ''),
	('2020-11-17 21:38:25', 'Corbiezx_Dev', 'giveMoney(100000000)', 'Corbiezx_Dev'),
	('2020-11-17 21:43:02', 'Corbiezx_Dev', 'vehCreate(g)', ''),
	('2020-11-17 21:43:45', 'Corbiezx_Dev', 'delacars', ''),
	('2020-11-17 21:44:51', 'Corbiezx_Dev', 'vehCreate(g)', ''),
	('2020-11-17 22:00:32', 'Corbiezx_Dev', 'vehCreate(tornado3)', ''),
	('2020-11-17 22:47:08', 'Corbiezx_Dev', 'killPlayer', 'Corbiezx_Dev'),
	('2020-11-17 12:54:12', 'Corbiezx_Dev', 'healPlayer(100)', 'Corbiezx_Dev'),
	('2020-11-18 18:21:46', 'Corbiezx_Dev', 'flipVeh', 'Corbiezx_Dev'),
	('2020-11-18 18:21:54', 'Corbiezx_Dev', 'flipVeh', 'Corbiezx_Dev'),
	('2020-11-18 18:22:11', 'Corbiezx_Dev', 'flipVeh', 'Corbiezx_Dev'),
	('2020-11-18 18:34:32', 'Corbiezx_Dev', 'vehCreate(Coach)', ''),
	('2020-11-18 18:47:13', 'Corbiezx_Dev', 'giveMoney(-88490212)', 'Corbiezx_Dev'),
	('2020-11-18 19:00:44', 'Corbiezx_Dev', 'giveMoney(-2500)', 'Corbiezx_Dev'),
	('2020-11-18 19:11:12', 'Corbiezx_Dev', 'vehCreate(neon)', ''),
	('2020-11-18 19:35:59', 'Corbiezx_Dev', 'flipVeh', 'Corbiezx_Dev'),
	('2020-11-18 19:38:36', 'Corbiezx_Dev', 'flipVeh', 'Corbiezx_Dev'),
	('2020-11-19 23:31:30', 'Corbiezx_Dev', 'vehCreate(flatbed)', ''),
	('2020-11-20 16:47:00', 'Corbiezx_Dev', 'giveMoney(100000000)', 'Corbiezx_Dev'),
	('2020-11-20 21:55:51', 'Corbiezx_Dev', 'healPlayer(100)', 'Corbiezx_Dev'),
	('2020-11-20 21:55:58', 'Corbiezx_Dev', 'vehCreate(a80)', ''),
	('2020-11-21 14:04:05', 'Corbiezx_Dev', 'flipVeh', 'Corbiezx_Dev'),
	('2020-11-21 14:04:12', 'Corbiezx_Dev', 'flipVeh', 'Corbiezx_Dev'),
	('2020-11-25 15:57:09', 'Corbiezx_Dev', 'vehCreate(a80)', ''),
	('2020-11-25 17:20:37', 'Corbiezx_Dev', 'vehCreate(a80)', ''),
	('2020-11-25 17:35:36', 'Corbiezx_Dev', 'vehCreate(oracle)', ''),
	('2020-11-25 17:35:40', 'Corbiezx_Dev', 'vehCreate(oracle)', ''),
	('2020-11-25 17:35:42', 'Corbiezx_Dev', 'vehCreate(oracle)', ''),
	('2020-11-25 17:35:49', 'Corbiezx_Dev', 'vehCreate(oracle)', ''),
	('2020-11-25 17:35:58', 'Corbiezx_Dev', 'vehCreate(oracle)', ''),
	('2020-11-25 17:36:03', 'Corbiezx_Dev', 'vehCreate(oracle)', ''),
	('2020-11-25 17:36:08', 'Corbiezx_Dev', 'vehCreate(oracle)', ''),
	('2020-11-25 17:36:13', 'Corbiezx_Dev', 'vehCreate(oracle)', ''),
	('2020-11-25 17:36:26', 'Corbiezx_Dev', 'vehCreate(oracle)', ''),
	('2020-11-25 17:36:31', 'Corbiezx_Dev', 'vehCreate(oracle)', ''),
	('2020-11-25 17:36:55', 'Corbiezx_Dev', 'vehCreate(speedo)', ''),
	('2020-11-25 17:45:27', 'Corbiezx_Dev', 'setFracLeader(11)', 'Corbiezx_Dev'),
	('2020-11-25 17:57:15', 'Corbiezx_Dev', 'vehCreate(baracks)', ''),
	('2020-11-25 17:57:20', 'Corbiezx_Dev', 'vehCreate(bartacks)', ''),
	('2020-11-25 17:57:25', 'Corbiezx_Dev', 'vehCreate(barracks)', ''),
	('2020-11-25 17:57:44', 'Corbiezx_Dev', 'delacars', ''),
	('2020-11-25 17:57:52', 'Corbiezx_Dev', 'delacars', ''),
	('2020-11-25 17:57:55', 'Corbiezx_Dev', 'vehCreate(barracks)', ''),
	('2020-11-27 16:33:41', 'Corbiezx_Dev', 'vehCreate(neon)', ''),
	('2020-11-27 17:28:12', 'Corbiezx_Dev', 'afuel(100)', ''),
	('2020-11-27 18:19:09', 'Corbiezx_Dev', 'afuel(200)', ''),
	('2020-11-27 18:28:54', 'Corbiezx_Dev', 'vehCreate(t20)', ''),
	('2020-11-27 20:31:33', 'Corbiezx_Dev', 'vehCreate(neon)', ''),
	('2020-11-28 12:55:03', 'Corbiezx_Dev', 'vehCreate(t20)', ''),
	('2020-11-28 13:29:25', 'Corbiezx_Dev', 'vehCreate(t20)', ''),
	('2020-11-28 14:43:04', 'Corbiezx_Dev', 'sendCreator', 'Corbiezx_Dev'),
	('2020-11-28 15:50:01', 'Corbiezx_Dev', 'setFracLeader(14)', 'Corbiezx_Dev'),
	('2020-11-28 15:50:31', 'Corbiezx_Dev', 'global(asdasdsadsadasdasdsa)', ''),
	('2020-11-28 16:54:03', 'Corbiezx_Dev', 'vehCreate(t20)', ''),
	('2020-11-28 17:02:50', 'Corbiezx_Dev', 'vehCreate(neon)', ''),
	('2020-11-28 17:20:41', 'Corbiezx_Dev', 'vehCreate(neon)', ''),
	('2020-11-29 12:09:24', 'Corbiezx_Dev', 'healPlayer(100)', 'Corbiezx_Dev'),
	('2020-11-29 12:13:36', 'Corbiezx_Dev', 'killPlayer', 'Corbiezx_Dev'),
	('2020-11-29 13:17:00', 'Corbiezx_Dev', 'healPlayer(100)', 'Corbiezx_Dev'),
	('2020-11-30 17:40:33', 'Corbiezx_Dev', 'killPlayer', 'Corbiezx_Dev'),
	('2020-12-04 15:40:48', 'Corbiezx_Dev', 'vehCreate(deluxo)', ''),
	('2020-12-04 16:04:58', 'Corbiezx_Dev', 'vehCreate(deluxo)', ''),
	('2020-12-05 18:13:30', 'Corbiezx_Dev', 'vehCreate(t20)', ''),
	('2020-12-06 14:55:06', 'Corbiezx_Dev', 'giveMoney(999999999)', 'Corbiezx_Dev'),
	('2020-12-09 15:56:36', 'Corbiezx_Dev', 'vehCreate(nspeedo)', ''),
	('2020-12-09 17:31:56', 'Corbiezx_Dev', 'vehCreate(t20)', ''),
	('2020-12-09 17:37:06', 'Corbiezx_Dev', 'vehCreate(t20)', ''),
	('2020-12-09 18:18:16', 'Corbiezx_Dev', 'vehCreate(t20)', '');
/*!40000 ALTER TABLE `adminlog` ENABLE KEYS */;

-- Дамп структуры для таблица projectlogs.arrestlog
CREATE TABLE IF NOT EXISTS `arrestlog` (
  `time` datetime DEFAULT NULL,
  `player` varchar(150) DEFAULT NULL,
  `target` varchar(150) DEFAULT NULL,
  `reason` varchar(100) DEFAULT NULL,
  `stars` int DEFAULT NULL,
  `pnick` varchar(150) DEFAULT NULL,
  `tnick` varchar(150) DEFAULT NULL,
  KEY `time` (`time`) USING BTREE,
  KEY `player` (`player`) USING BTREE,
  KEY `target` (`target`) USING BTREE,
  KEY `reason` (`reason`) USING BTREE,
  KEY `stars` (`stars`) USING BTREE,
  KEY `pnick` (`pnick`) USING BTREE,
  KEY `tnick` (`tnick`) USING BTREE
) ENGINE=InnoDB DEFAULT CHARSET=utf8 ROW_FORMAT=DYNAMIC;

-- Дамп данных таблицы projectlogs.arrestlog: ~0 rows (приблизительно)
DELETE FROM `arrestlog`;
/*!40000 ALTER TABLE `arrestlog` DISABLE KEYS */;
/*!40000 ALTER TABLE `arrestlog` ENABLE KEYS */;

-- Дамп структуры для таблица projectlogs.banlog
CREATE TABLE IF NOT EXISTS `banlog` (
  `time` datetime DEFAULT NULL,
  `admin` varchar(150) DEFAULT NULL,
  `player` varchar(150) DEFAULT NULL,
  `until` datetime DEFAULT NULL,
  `reason` varchar(100) DEFAULT NULL,
  `ishard` tinyint DEFAULT NULL,
  KEY `time` (`time`) USING BTREE,
  KEY `admin` (`admin`) USING BTREE,
  KEY `player` (`player`) USING BTREE,
  KEY `until` (`until`) USING BTREE,
  KEY `reason` (`reason`) USING BTREE,
  KEY `ishard` (`ishard`) USING BTREE
) ENGINE=InnoDB DEFAULT CHARSET=utf8 ROW_FORMAT=DYNAMIC;

-- Дамп данных таблицы projectlogs.banlog: ~0 rows (приблизительно)
DELETE FROM `banlog`;
/*!40000 ALTER TABLE `banlog` DISABLE KEYS */;
/*!40000 ALTER TABLE `banlog` ENABLE KEYS */;

-- Дамп структуры для таблица projectlogs.casinobetlog
CREATE TABLE IF NOT EXISTS `casinobetlog` (
  `time` datetime DEFAULT NULL,
  `name` varchar(50) DEFAULT NULL,
  `uuid` int DEFAULT '-1',
  `red` text,
  `zero` text,
  `black` text
) ENGINE=InnoDB DEFAULT CHARSET=utf8 ROW_FORMAT=DYNAMIC;

-- Дамп данных таблицы projectlogs.casinobetlog: ~0 rows (приблизительно)
DELETE FROM `casinobetlog`;
/*!40000 ALTER TABLE `casinobetlog` DISABLE KEYS */;
/*!40000 ALTER TABLE `casinobetlog` ENABLE KEYS */;

-- Дамп структуры для таблица projectlogs.casinoendlog
CREATE TABLE IF NOT EXISTS `casinoendlog` (
  `time` datetime DEFAULT NULL,
  `name` varchar(50) DEFAULT NULL,
  `uuid` int DEFAULT '-1',
  `state` text,
  `type` text
) ENGINE=InnoDB DEFAULT CHARSET=utf8 ROW_FORMAT=DYNAMIC;

-- Дамп данных таблицы projectlogs.casinoendlog: ~0 rows (приблизительно)
DELETE FROM `casinoendlog`;
/*!40000 ALTER TABLE `casinoendlog` DISABLE KEYS */;
/*!40000 ALTER TABLE `casinoendlog` ENABLE KEYS */;

-- Дамп структуры для таблица projectlogs.casinowinloselog
CREATE TABLE IF NOT EXISTS `casinowinloselog` (
  `time` datetime DEFAULT NULL,
  `name` varchar(50) DEFAULT NULL,
  `uuid` int DEFAULT '-1',
  `wonbet` text
) ENGINE=InnoDB DEFAULT CHARSET=utf8 ROW_FORMAT=DYNAMIC;

-- Дамп данных таблицы projectlogs.casinowinloselog: ~0 rows (приблизительно)
DELETE FROM `casinowinloselog`;
/*!40000 ALTER TABLE `casinowinloselog` DISABLE KEYS */;
/*!40000 ALTER TABLE `casinowinloselog` ENABLE KEYS */;

-- Дамп структуры для таблица projectlogs.connlog
CREATE TABLE IF NOT EXISTS `connlog` (
  `in` datetime DEFAULT NULL,
  `out` datetime DEFAULT NULL,
  `uuid` int DEFAULT '-1',
  `ip` varchar(50) DEFAULT NULL,
  `amount` varchar(256) DEFAULT NULL,
  `sclub` varchar(50) DEFAULT NULL,
  `hwid` varchar(256) DEFAULT NULL,
  KEY `in` (`in`) USING BTREE,
  KEY `out` (`out`) USING BTREE,
  KEY `uuid` (`uuid`) USING BTREE,
  KEY `ip` (`ip`) USING BTREE,
  KEY `sclub` (`sclub`) USING BTREE,
  KEY `hwid` (`hwid`) USING BTREE
) ENGINE=InnoDB DEFAULT CHARSET=utf8 ROW_FORMAT=DYNAMIC;

-- Дамп данных таблицы projectlogs.connlog: ~132 rows (приблизительно)
DELETE FROM `connlog`;
/*!40000 ALTER TABLE `connlog` DISABLE KEYS */;
INSERT INTO `connlog` (`in`, `out`, `uuid`, `ip`, `amount`, `sclub`, `hwid`) VALUES
	('2020-11-17 20:02:28', '2020-11-17 20:06:31', 333333, '127.0.0.1', NULL, '', ''),
	('2020-11-17 20:13:48', NULL, 333333, '127.0.0.1', NULL, '', ''),
	('2020-11-17 21:40:55', '2020-11-17 22:56:35', 333333, '127.0.0.1', NULL, '', ''),
	('2020-11-17 12:54:04', '2020-11-17 13:16:41', 333333, '127.0.0.1', NULL, '', ''),
	('2020-11-18 18:21:23', NULL, 333333, '127.0.0.1', NULL, '', ''),
	('2020-11-18 18:33:14', NULL, 333333, '127.0.0.1', NULL, '', ''),
	('2020-11-18 18:39:32', NULL, 333333, '127.0.0.1', NULL, '', ''),
	('2020-11-18 18:40:39', NULL, 333333, '127.0.0.1', NULL, '', ''),
	('2020-11-18 19:20:37', NULL, 333333, '127.0.0.1', NULL, '', ''),
	('2020-11-18 19:45:02', '2020-11-18 20:28:01', 333333, '127.0.0.1', NULL, '', ''),
	('2020-11-19 15:25:33', NULL, 333333, '127.0.0.1', NULL, '', ''),
	('2020-11-19 17:44:21', NULL, 333333, '127.0.0.1', NULL, '', ''),
	('2020-11-19 21:47:49', NULL, 333333, '127.0.0.1', NULL, '', ''),
	('2020-11-19 21:50:07', NULL, 333333, '127.0.0.1', NULL, '', ''),
	('2020-11-19 22:52:02', NULL, 333333, '127.0.0.1', NULL, '', ''),
	('2020-11-19 22:56:34', '2020-11-19 23:36:19', 333333, '127.0.0.1', NULL, '', ''),
	('2020-11-20 16:37:29', NULL, 333333, '127.0.0.1', NULL, '', ''),
	('2020-11-20 16:45:55', '2020-11-20 16:50:58', 333333, '127.0.0.1', NULL, '', ''),
	('2020-11-20 16:56:31', '2020-11-20 17:06:28', 333333, '127.0.0.1', NULL, '', ''),
	('2020-11-20 20:27:51', '2020-11-20 20:30:18', 333333, '127.0.0.1', NULL, '', ''),
	('2020-11-20 20:35:16', '2020-11-20 20:49:43', 333333, '127.0.0.1', NULL, '', ''),
	('2020-11-20 20:51:41', NULL, 333333, '127.0.0.1', NULL, '', ''),
	('2020-11-20 20:56:03', NULL, 333333, '127.0.0.1', NULL, '', ''),
	('2020-11-20 21:07:26', NULL, 333333, '127.0.0.1', NULL, '', ''),
	('2020-11-20 21:20:14', NULL, 333333, '127.0.0.1', NULL, '', ''),
	('2020-11-20 21:21:42', NULL, 333333, '127.0.0.1', NULL, '', ''),
	('2020-11-20 21:40:28', NULL, 333333, '127.0.0.1', NULL, '', ''),
	('2020-11-20 21:43:51', NULL, 333333, '127.0.0.1', NULL, '', ''),
	('2020-11-20 21:46:35', '2020-11-20 21:47:35', 333333, '127.0.0.1', NULL, '', ''),
	('2020-11-20 21:50:54', '2020-11-20 21:58:28', 333333, '127.0.0.1', NULL, '', ''),
	('2020-11-20 22:01:54', '2020-11-20 22:04:10', 333333, '127.0.0.1', NULL, '', ''),
	('2020-11-21 12:21:14', NULL, 333333, '127.0.0.1', NULL, '', ''),
	('2020-11-21 12:21:54', '2020-11-21 12:25:37', 333333, '127.0.0.1', NULL, '', ''),
	('2020-11-21 12:29:03', NULL, 333333, '127.0.0.1', NULL, '', ''),
	('2020-11-21 13:33:15', NULL, 333333, '127.0.0.1', NULL, '', ''),
	('2020-11-21 13:39:54', NULL, 333333, '127.0.0.1', NULL, '', ''),
	('2020-11-25 15:56:49', NULL, 333333, '127.0.0.1', NULL, '', ''),
	('2020-11-25 16:19:43', NULL, 333333, '127.0.0.1', NULL, '', ''),
	('2020-11-25 16:56:21', NULL, 333333, '127.0.0.1', NULL, '', ''),
	('2020-11-25 17:20:24', NULL, 333333, '127.0.0.1', NULL, '', ''),
	('2020-11-25 17:44:47', '2020-11-25 17:50:01', 333333, '127.0.0.1', NULL, '', ''),
	('2020-11-25 17:55:32', NULL, 333333, '127.0.0.1', NULL, '', ''),
	('2020-11-25 18:12:42', '2020-11-25 18:15:14', 333333, '127.0.0.1', NULL, '', ''),
	('2020-11-26 13:58:21', NULL, 333333, '127.0.0.1', NULL, '', ''),
	('2020-11-26 14:21:17', NULL, 333333, '127.0.0.1', NULL, '', ''),
	('2020-11-26 14:26:08', NULL, 333333, '127.0.0.1', NULL, '', ''),
	('2020-11-26 14:26:45', NULL, 333333, '127.0.0.1', NULL, '', ''),
	('2020-11-26 14:28:04', '2020-11-26 14:28:13', 333333, '127.0.0.1', NULL, '', ''),
	('2020-11-26 14:31:48', NULL, 333333, '127.0.0.1', NULL, '', ''),
	('2020-11-26 14:33:29', NULL, 333333, '127.0.0.1', NULL, '', ''),
	('2020-11-26 14:34:53', NULL, 333333, '127.0.0.1', NULL, '', ''),
	('2020-11-26 14:35:32', NULL, 333333, '127.0.0.1', NULL, '', ''),
	('2020-11-26 14:36:58', NULL, 333333, '127.0.0.1', NULL, '', ''),
	('2020-11-26 14:37:59', NULL, 333333, '127.0.0.1', NULL, '', ''),
	('2020-11-26 14:39:00', '2020-11-26 15:23:47', 333333, '127.0.0.1', NULL, '', ''),
	('2020-11-27 16:33:00', '2020-11-27 17:32:35', 333333, '127.0.0.1', NULL, '', ''),
	('2020-11-27 17:40:00', '2020-11-27 18:22:42', 333333, '127.0.0.1', NULL, '', ''),
	('2020-11-27 18:27:43', '2020-11-27 18:45:49', 333333, '127.0.0.1', NULL, '', ''),
	('2020-11-27 18:49:33', '2020-11-27 19:37:08', 333333, '127.0.0.1', NULL, '', ''),
	('2020-11-27 19:43:43', NULL, 333333, '127.0.0.1', NULL, '', ''),
	('2020-11-27 20:10:26', NULL, 333333, '127.0.0.1', NULL, '', ''),
	('2020-11-27 20:12:31', NULL, 333333, '127.0.0.1', NULL, '', ''),
	('2020-11-27 20:14:27', '2020-11-27 20:16:17', 333333, '127.0.0.1', NULL, '', ''),
	('2020-11-27 20:30:37', '2020-11-27 20:32:27', 333333, '127.0.0.1', NULL, '', ''),
	('2020-11-28 12:54:38', '2020-11-28 13:14:16', 333333, '127.0.0.1', NULL, '', ''),
	('2020-11-28 13:29:04', NULL, 333333, '127.0.0.1', NULL, '', ''),
	('2020-11-28 15:11:45', NULL, 333333, '127.0.0.1', NULL, '', ''),
	('2020-11-28 15:32:52', NULL, 333333, '127.0.0.1', NULL, '', ''),
	('2020-11-28 15:40:33', NULL, 333333, '127.0.0.1', NULL, '', ''),
	('2020-11-28 15:54:59', NULL, 333333, '127.0.0.1', NULL, '', ''),
	('2020-11-28 16:03:29', '2020-11-28 16:07:47', 333333, '127.0.0.1', NULL, '', ''),
	('2020-11-28 16:33:16', '2020-11-28 17:03:30', 333333, '127.0.0.1', NULL, '', ''),
	('2020-11-28 17:19:41', NULL, 333333, '127.0.0.1', NULL, '', ''),
	('2020-11-28 17:29:10', NULL, 333333, '127.0.0.1', NULL, '', ''),
	('2020-11-28 17:33:22', NULL, 333333, '127.0.0.1', NULL, '', ''),
	('2020-11-28 17:36:14', NULL, 333333, '127.0.0.1', NULL, '', ''),
	('2020-11-28 18:08:23', NULL, 333333, '127.0.0.1', NULL, '', ''),
	('2020-11-28 18:12:49', NULL, 333333, '127.0.0.1', NULL, '', ''),
	('2020-11-28 18:20:15', NULL, 333333, '127.0.0.1', NULL, '', ''),
	('2020-11-28 18:28:03', NULL, 333333, '127.0.0.1', NULL, '', ''),
	('2020-11-28 18:33:41', NULL, 333333, '127.0.0.1', NULL, '', ''),
	('2020-11-28 18:41:15', NULL, 333333, '127.0.0.1', NULL, '', ''),
	('2020-11-28 21:03:15', NULL, 333333, '127.0.0.1', NULL, '', ''),
	('2020-11-28 21:05:27', NULL, 333333, '127.0.0.1', NULL, '', ''),
	('2020-11-28 21:16:31', '2020-11-28 21:29:45', 333333, '127.0.0.1', NULL, '', ''),
	('2020-11-29 11:48:20', NULL, 333333, '127.0.0.1', NULL, '', ''),
	('2020-11-29 11:51:41', NULL, 333333, '127.0.0.1', NULL, '', ''),
	('2020-11-29 11:56:21', NULL, 333333, '127.0.0.1', NULL, '', ''),
	('2020-11-29 12:05:56', NULL, 333333, '127.0.0.1', NULL, '', ''),
	('2020-11-29 12:15:13', NULL, 333333, '127.0.0.1', NULL, '', ''),
	('2020-11-29 12:18:22', NULL, 333333, '127.0.0.1', NULL, '', ''),
	('2020-11-29 12:37:03', NULL, 333333, '127.0.0.1', NULL, '', ''),
	('2020-11-29 12:57:36', NULL, 333333, '127.0.0.1', NULL, '', ''),
	('2020-11-29 13:05:41', NULL, 333333, '127.0.0.1', NULL, '', ''),
	('2020-11-29 13:07:09', NULL, 333333, '127.0.0.1', NULL, '', ''),
	('2020-11-29 13:09:01', '2020-11-29 13:48:14', 333333, '127.0.0.1', NULL, '', ''),
	('2020-11-29 14:59:29', NULL, 333333, '127.0.0.1', NULL, '', ''),
	('2020-11-29 16:29:24', NULL, 333333, '127.0.0.1', NULL, '', ''),
	('2020-11-29 16:47:42', NULL, 333333, '127.0.0.1', NULL, '', ''),
	('2020-11-29 16:57:09', NULL, 333333, '127.0.0.1', NULL, '', ''),
	('2020-11-29 17:03:23', NULL, 333333, '127.0.0.1', NULL, '', ''),
	('2020-11-30 17:07:27', '2020-11-30 17:41:13', 333333, '127.0.0.1', NULL, '', ''),
	('2020-12-04 14:19:16', '2020-12-04 14:35:54', 333333, '127.0.0.1', NULL, '', ''),
	('2020-12-04 15:06:14', NULL, 333333, '127.0.0.1', NULL, '', ''),
	('2020-12-04 15:14:55', NULL, 333333, '127.0.0.1', NULL, '', ''),
	('2020-12-04 15:26:36', NULL, 333333, '127.0.0.1', NULL, '', ''),
	('2020-12-04 15:37:59', NULL, 333333, '127.0.0.1', NULL, '', ''),
	('2020-12-04 15:46:44', NULL, 333333, '127.0.0.1', NULL, '', ''),
	('2020-12-04 15:52:49', NULL, 333333, '127.0.0.1', NULL, '', ''),
	('2020-12-04 15:57:50', NULL, 333333, '127.0.0.1', NULL, '', ''),
	('2020-12-04 16:04:14', NULL, 333333, '127.0.0.1', NULL, '', ''),
	('2020-12-04 16:09:15', NULL, 333333, '127.0.0.1', NULL, '', ''),
	('2020-12-04 16:18:14', NULL, 333333, '127.0.0.1', NULL, '', ''),
	('2020-12-04 16:24:20', NULL, 333333, '127.0.0.1', NULL, '', ''),
	('2020-12-04 16:26:41', NULL, 333333, '127.0.0.1', NULL, '', ''),
	('2020-12-04 16:30:08', NULL, 333333, '127.0.0.1', NULL, '', ''),
	('2020-12-04 16:31:51', NULL, 333333, '127.0.0.1', NULL, '', ''),
	('2020-12-04 16:33:14', NULL, 333333, '127.0.0.1', NULL, '', ''),
	('2020-12-04 16:34:26', NULL, 333333, '127.0.0.1', NULL, '', ''),
	('2020-12-04 16:41:55', '2020-12-04 16:42:04', 333333, '127.0.0.1', NULL, '', ''),
	('2020-12-05 18:11:13', '2020-12-05 18:38:53', 333333, '127.0.0.1', NULL, '', ''),
	('2020-12-06 14:49:57', NULL, 333333, '127.0.0.1', NULL, '', ''),
	('2020-12-06 14:51:10', '2020-12-06 15:10:49', 333333, '127.0.0.1', NULL, '', ''),
	('2020-12-06 15:14:56', NULL, 333333, '127.0.0.1', NULL, '', ''),
	('2020-12-06 15:38:43', '2020-12-06 15:40:42', 333333, '127.0.0.1', NULL, '', ''),
	('2020-12-06 15:53:38', NULL, 333333, '127.0.0.1', NULL, '', ''),
	('2020-12-06 15:56:30', NULL, 333333, '127.0.0.1', NULL, '', ''),
	('2020-12-06 15:59:31', NULL, 333333, '127.0.0.1', NULL, '', ''),
	('2020-12-06 16:05:15', NULL, 333333, '127.0.0.1', NULL, '', ''),
	('2020-12-06 16:24:02', NULL, 333333, '127.0.0.1', NULL, '', ''),
	('2020-12-06 16:26:56', '2020-12-06 16:33:20', 333333, '127.0.0.1', NULL, '', ''),
	('2020-12-06 16:45:20', NULL, 333333, '127.0.0.1', NULL, '', ''),
	('2020-12-06 16:46:38', NULL, 333333, '127.0.0.1', NULL, '', ''),
	('2020-12-06 17:13:08', NULL, 333333, '127.0.0.1', NULL, '', ''),
	('2020-12-06 17:13:55', '2020-12-06 17:23:38', 333333, '127.0.0.1', NULL, '', ''),
	('2020-12-08 15:08:12', '2020-12-08 17:25:29', 333333, '127.0.0.1', NULL, '', ''),
	('2020-12-09 15:33:26', '2020-12-09 16:04:46', 333333, '127.0.0.1', NULL, '', ''),
	('2020-12-09 17:30:24', NULL, 333333, '127.0.0.1', NULL, '', ''),
	('2020-12-09 17:36:31', NULL, 333333, '127.0.0.1', NULL, '', ''),
	('2020-12-09 18:15:09', '2020-12-09 19:27:34', 333333, '127.0.0.1', NULL, '', '');
/*!40000 ALTER TABLE `connlog` ENABLE KEYS */;

-- Дамп структуры для таблица projectlogs.deletelog
CREATE TABLE IF NOT EXISTS `deletelog` (
  `time` datetime DEFAULT NULL,
  `uuid` int DEFAULT NULL,
  `name` varchar(50) DEFAULT NULL,
  `account` varchar(50) DEFAULT NULL,
  KEY `time` (`time`) USING BTREE,
  KEY `uuid` (`uuid`) USING BTREE,
  KEY `name` (`name`) USING BTREE,
  KEY `account` (`account`) USING BTREE
) ENGINE=InnoDB DEFAULT CHARSET=utf8mb4 COLLATE=utf8mb4_0900_ai_ci ROW_FORMAT=DYNAMIC;

-- Дамп данных таблицы projectlogs.deletelog: ~2 rows (приблизительно)
DELETE FROM `deletelog`;
/*!40000 ALTER TABLE `deletelog` DISABLE KEYS */;
INSERT INTO `deletelog` (`time`, `uuid`, `name`, `account`) VALUES
	('2020-11-28 15:18:13', 657623, 'Corbiezx_Devs', 'corbiezx'),
	('2020-11-28 15:33:47', 194263, 'Corbiezx_Devs', 'corbiezx'),
	('2020-11-28 15:35:10', 595035, 'Corbiezx_Devs', 'corbiezx');
/*!40000 ALTER TABLE `deletelog` ENABLE KEYS */;

-- Дамп структуры для таблица projectlogs.eventslog
CREATE TABLE IF NOT EXISTS `eventslog` (
  `AdminStarted` text,
  `EventName` text,
  `MembersLimit` text,
  `Started` text
) ENGINE=InnoDB DEFAULT CHARSET=utf8 ROW_FORMAT=DYNAMIC;

-- Дамп данных таблицы projectlogs.eventslog: ~0 rows (приблизительно)
DELETE FROM `eventslog`;
/*!40000 ALTER TABLE `eventslog` DISABLE KEYS */;
/*!40000 ALTER TABLE `eventslog` ENABLE KEYS */;

-- Дамп структуры для таблица projectlogs.idlog
CREATE TABLE IF NOT EXISTS `idlog` (
  `in` datetime DEFAULT NULL,
  `out` datetime DEFAULT NULL,
  `from` varchar(150) DEFAULT NULL,
  `uuid` int DEFAULT '-1',
  `id` int DEFAULT '-1',
  `name` varchar(50) DEFAULT NULL,
  KEY `in` (`in`) USING BTREE,
  KEY `out` (`out`) USING BTREE,
  KEY `from` (`from`) USING BTREE,
  KEY `uuid` (`uuid`) USING BTREE,
  KEY `id` (`id`) USING BTREE,
  KEY `name` (`name`) USING BTREE
) ENGINE=InnoDB DEFAULT CHARSET=utf8 ROW_FORMAT=DYNAMIC;

-- Дамп данных таблицы projectlogs.idlog: ~135 rows (приблизительно)
DELETE FROM `idlog`;
/*!40000 ALTER TABLE `idlog` DISABLE KEYS */;
INSERT INTO `idlog` (`in`, `out`, `from`, `uuid`, `id`, `name`) VALUES
	('2020-11-17 20:02:28', NULL, NULL, 333333, 0, 'Corbiezx_Dev'),
	('2020-11-17 20:13:48', NULL, NULL, 333333, 0, 'Corbiezx_Dev'),
	('2020-11-17 21:40:55', NULL, NULL, 333333, 0, 'Corbiezx_Dev'),
	('2020-11-17 12:54:04', NULL, NULL, 333333, 0, 'Corbiezx_Dev'),
	('2020-11-18 18:21:23', NULL, NULL, 333333, 0, 'Corbiezx_Dev'),
	('2020-11-18 18:33:14', NULL, NULL, 333333, 0, 'Corbiezx_Dev'),
	('2020-11-18 18:39:32', NULL, NULL, 333333, 0, 'Corbiezx_Dev'),
	('2020-11-18 18:40:39', NULL, NULL, 333333, 0, 'Corbiezx_Dev'),
	('2020-11-18 19:20:37', NULL, NULL, 333333, 0, 'Corbiezx_Dev'),
	('2020-11-18 19:45:02', NULL, NULL, 333333, 0, 'Corbiezx_Dev'),
	('2020-11-19 15:25:33', NULL, NULL, 333333, 0, 'Corbiezx_Dev'),
	('2020-11-19 17:44:21', NULL, NULL, 333333, 0, 'Corbiezx_Dev'),
	('2020-11-19 21:47:49', NULL, NULL, 333333, 0, 'Corbiezx_Dev'),
	('2020-11-19 21:50:07', NULL, NULL, 333333, 0, 'Corbiezx_Dev'),
	('2020-11-19 22:52:02', NULL, NULL, 333333, 0, 'Corbiezx_Dev'),
	('2020-11-19 22:56:34', NULL, NULL, 333333, 0, 'Corbiezx_Dev'),
	('2020-11-20 16:37:29', NULL, NULL, 333333, 0, 'Corbiezx_Dev'),
	('2020-11-20 16:45:55', NULL, NULL, 333333, 0, 'Corbiezx_Dev'),
	('2020-11-20 16:56:31', NULL, NULL, 333333, 0, 'Corbiezx_Dev'),
	('2020-11-20 20:27:51', NULL, NULL, 333333, 0, 'Corbiezx_Dev'),
	('2020-11-20 20:35:16', NULL, NULL, 333333, 0, 'Corbiezx_Dev'),
	('2020-11-20 20:51:41', NULL, NULL, 333333, 0, 'Corbiezx_Dev'),
	('2020-11-20 20:56:03', NULL, NULL, 333333, 0, 'Corbiezx_Dev'),
	('2020-11-20 21:07:26', NULL, NULL, 333333, 0, 'Corbiezx_Dev'),
	('2020-11-20 21:20:14', NULL, NULL, 333333, 0, 'Corbiezx_Dev'),
	('2020-11-20 21:21:42', NULL, NULL, 333333, 0, 'Corbiezx_Dev'),
	('2020-11-20 21:40:28', NULL, NULL, 333333, 0, 'Corbiezx_Dev'),
	('2020-11-20 21:43:51', NULL, NULL, 333333, 0, 'Corbiezx_Dev'),
	('2020-11-20 21:46:35', NULL, NULL, 333333, 0, 'Corbiezx_Dev'),
	('2020-11-20 21:50:54', NULL, NULL, 333333, 0, 'Corbiezx_Dev'),
	('2020-11-20 22:01:54', NULL, NULL, 333333, 0, 'Corbiezx_Dev'),
	('2020-11-21 12:21:14', NULL, NULL, 333333, 0, 'Corbiezx_Dev'),
	('2020-11-21 12:21:54', NULL, NULL, 333333, 0, 'Corbiezx_Dev'),
	('2020-11-21 12:29:03', NULL, NULL, 333333, 0, 'Corbiezx_Dev'),
	('2020-11-21 13:33:15', NULL, NULL, 333333, 0, 'Corbiezx_Dev'),
	('2020-11-21 13:39:54', NULL, NULL, 333333, 0, 'Corbiezx_Dev'),
	('2020-11-25 15:56:49', NULL, NULL, 333333, 0, 'Corbiezx_Dev'),
	('2020-11-25 16:19:43', NULL, NULL, 333333, 0, 'Corbiezx_Dev'),
	('2020-11-25 16:56:21', NULL, NULL, 333333, 0, 'Corbiezx_Dev'),
	('2020-11-25 17:20:24', NULL, NULL, 333333, 0, 'Corbiezx_Dev'),
	('2020-11-25 17:44:47', NULL, NULL, 333333, 0, 'Corbiezx_Dev'),
	('2020-11-25 17:55:32', NULL, NULL, 333333, 0, 'Corbiezx_Dev'),
	('2020-11-25 18:12:42', NULL, NULL, 333333, 0, 'Corbiezx_Dev'),
	('2020-11-26 13:58:21', NULL, NULL, 333333, 0, 'Corbiezx_Dev'),
	('2020-11-26 14:21:17', NULL, NULL, 333333, 0, 'Corbiezx_Dev'),
	('2020-11-26 14:26:08', NULL, NULL, 333333, 0, 'Corbiezx_Dev'),
	('2020-11-26 14:26:45', NULL, NULL, 333333, 0, 'Corbiezx_Dev'),
	('2020-11-26 14:28:04', NULL, NULL, 333333, 0, 'Corbiezx_Dev'),
	('2020-11-26 14:31:48', NULL, NULL, 333333, 0, 'Corbiezx_Dev'),
	('2020-11-26 14:33:29', NULL, NULL, 333333, 0, 'Corbiezx_Dev'),
	('2020-11-26 14:34:53', NULL, NULL, 333333, 0, 'Corbiezx_Dev'),
	('2020-11-26 14:35:32', NULL, NULL, 333333, 0, 'Corbiezx_Dev'),
	('2020-11-26 14:36:58', NULL, NULL, 333333, 0, 'Corbiezx_Dev'),
	('2020-11-26 14:37:59', NULL, NULL, 333333, 0, 'Corbiezx_Dev'),
	('2020-11-26 14:39:00', NULL, NULL, 333333, 0, 'Corbiezx_Dev'),
	('2020-11-27 16:33:00', NULL, NULL, 333333, 0, 'Corbiezx_Dev'),
	('2020-11-27 17:40:00', NULL, NULL, 333333, 0, 'Corbiezx_Dev'),
	('2020-11-27 18:27:43', NULL, NULL, 333333, 0, 'Corbiezx_Dev'),
	('2020-11-27 18:49:33', NULL, NULL, 333333, 0, 'Corbiezx_Dev'),
	('2020-11-27 19:43:43', NULL, NULL, 333333, 0, 'Corbiezx_Dev'),
	('2020-11-27 20:10:26', NULL, NULL, 333333, 0, 'Corbiezx_Dev'),
	('2020-11-27 20:12:31', NULL, NULL, 333333, 0, 'Corbiezx_Dev'),
	('2020-11-27 20:14:27', NULL, NULL, 333333, 0, 'Corbiezx_Dev'),
	('2020-11-27 20:30:37', NULL, NULL, 333333, 0, 'Corbiezx_Dev'),
	('2020-11-28 12:54:38', NULL, NULL, 333333, 0, 'Corbiezx_Dev'),
	('2020-11-28 13:29:04', NULL, NULL, 333333, 0, 'Corbiezx_Dev'),
	('2020-11-28 15:11:45', NULL, NULL, 333333, 0, 'Corbiezx_Dev'),
	('2020-11-28 15:32:52', NULL, NULL, 333333, 0, 'Corbiezx_Dev'),
	('2020-11-28 15:40:33', NULL, NULL, 333333, 0, 'Corbiezx_Dev'),
	('2020-11-28 15:54:59', NULL, NULL, 333333, 0, 'Corbiezx_Dev'),
	('2020-11-28 16:03:29', NULL, NULL, 333333, 0, 'Corbiezx_Dev'),
	('2020-11-28 16:33:16', NULL, NULL, 333333, 0, 'Corbiezx_Dev'),
	('2020-11-28 17:19:41', NULL, NULL, 333333, 0, 'Corbiezx_Dev'),
	('2020-11-28 17:29:10', NULL, NULL, 333333, 0, 'Corbiezx_Dev'),
	('2020-11-28 17:33:22', NULL, NULL, 333333, 0, 'Corbiezx_Dev'),
	('2020-11-28 17:36:14', NULL, NULL, 333333, 0, 'Corbiezx_Dev'),
	('2020-11-28 18:08:23', NULL, NULL, 333333, 0, 'Corbiezx_Dev'),
	('2020-11-28 18:12:49', NULL, NULL, 333333, 0, 'Corbiezx_Dev'),
	('2020-11-28 18:20:15', NULL, NULL, 333333, 0, 'Corbiezx_Dev'),
	('2020-11-28 18:28:03', NULL, NULL, 333333, 0, 'Corbiezx_Dev'),
	('2020-11-28 18:33:41', NULL, NULL, 333333, 0, 'Corbiezx_Dev'),
	('2020-11-28 18:41:15', NULL, NULL, 333333, 0, 'Corbiezx_Dev'),
	('2020-11-28 21:03:15', NULL, NULL, 333333, 0, 'Corbiezx_Dev'),
	('2020-11-28 21:05:27', NULL, NULL, 333333, 0, 'Corbiezx_Dev'),
	('2020-11-28 21:16:31', NULL, NULL, 333333, 0, 'Corbiezx_Dev'),
	('2020-11-29 11:48:20', NULL, NULL, 333333, 0, 'Corbiezx_Dev'),
	('2020-11-29 11:51:41', NULL, NULL, 333333, 0, 'Corbiezx_Dev'),
	('2020-11-29 11:56:21', NULL, NULL, 333333, 0, 'Corbiezx_Dev'),
	('2020-11-29 12:05:56', NULL, NULL, 333333, 0, 'Corbiezx_Dev'),
	('2020-11-29 12:15:13', NULL, NULL, 333333, 0, 'Corbiezx_Dev'),
	('2020-11-29 12:18:22', NULL, NULL, 333333, 0, 'Corbiezx_Dev'),
	('2020-11-29 12:37:03', NULL, NULL, 333333, 0, 'Corbiezx_Dev'),
	('2020-11-29 12:57:36', NULL, NULL, 333333, 0, 'Corbiezx_Dev'),
	('2020-11-29 13:05:41', NULL, NULL, 333333, 0, 'Corbiezx_Dev'),
	('2020-11-29 13:07:09', NULL, NULL, 333333, 0, 'Corbiezx_Dev'),
	('2020-11-29 13:09:01', NULL, NULL, 333333, 0, 'Corbiezx_Dev'),
	('2020-11-29 14:59:29', NULL, NULL, 333333, 0, 'Corbiezx_Dev'),
	('2020-11-29 16:29:24', NULL, NULL, 333333, 0, 'Corbiezx_Dev'),
	('2020-11-29 16:47:42', NULL, NULL, 333333, 0, 'Corbiezx_Dev'),
	('2020-11-29 16:57:09', NULL, NULL, 333333, 0, 'Corbiezx_Dev'),
	('2020-11-29 17:03:23', NULL, NULL, 333333, 0, 'Corbiezx_Dev'),
	('2020-11-30 17:07:27', NULL, NULL, 333333, 0, 'Corbiezx_Dev'),
	('2020-12-04 14:19:16', NULL, NULL, 333333, 0, 'Corbiezx_Dev'),
	('2020-12-04 15:06:14', NULL, NULL, 333333, 0, 'Corbiezx_Dev'),
	('2020-12-04 15:14:55', NULL, NULL, 333333, 0, 'Corbiezx_Dev'),
	('2020-12-04 15:26:36', NULL, NULL, 333333, 0, 'Corbiezx_Dev'),
	('2020-12-04 15:37:59', NULL, NULL, 333333, 0, 'Corbiezx_Dev'),
	('2020-12-04 15:46:44', NULL, NULL, 333333, 0, 'Corbiezx_Dev'),
	('2020-12-04 15:52:49', NULL, NULL, 333333, 0, 'Corbiezx_Dev'),
	('2020-12-04 15:57:50', NULL, NULL, 333333, 0, 'Corbiezx_Dev'),
	('2020-12-04 16:04:14', NULL, NULL, 333333, 0, 'Corbiezx_Dev'),
	('2020-12-04 16:09:15', NULL, NULL, 333333, 0, 'Corbiezx_Dev'),
	('2020-12-04 16:18:14', NULL, NULL, 333333, 0, 'Corbiezx_Dev'),
	('2020-12-04 16:24:20', NULL, NULL, 333333, 0, 'Corbiezx_Dev'),
	('2020-12-04 16:26:41', NULL, NULL, 333333, 0, 'Corbiezx_Dev'),
	('2020-12-04 16:30:08', NULL, NULL, 333333, 0, 'Corbiezx_Dev'),
	('2020-12-04 16:31:51', NULL, NULL, 333333, 0, 'Corbiezx_Dev'),
	('2020-12-04 16:33:14', NULL, NULL, 333333, 0, 'Corbiezx_Dev'),
	('2020-12-04 16:34:26', NULL, NULL, 333333, 0, 'Corbiezx_Dev'),
	('2020-12-04 16:41:55', NULL, NULL, 333333, 0, 'Corbiezx_Dev'),
	('2020-12-05 18:11:13', NULL, NULL, 333333, 0, 'Corbiezx_Dev'),
	('2020-12-06 14:49:57', NULL, NULL, 333333, 0, 'Corbiezx_Dev'),
	('2020-12-06 14:51:10', NULL, NULL, 333333, 0, 'Corbiezx_Dev'),
	('2020-12-06 15:14:56', NULL, NULL, 333333, 0, 'Corbiezx_Dev'),
	('2020-12-06 15:38:43', NULL, NULL, 333333, 0, 'Corbiezx_Dev'),
	('2020-12-06 15:53:38', NULL, NULL, 333333, 0, 'Corbiezx_Dev'),
	('2020-12-06 15:56:30', NULL, NULL, 333333, 0, 'Corbiezx_Dev'),
	('2020-12-06 15:59:31', NULL, NULL, 333333, 0, 'Corbiezx_Dev'),
	('2020-12-06 16:05:15', NULL, NULL, 333333, 0, 'Corbiezx_Dev'),
	('2020-12-06 16:24:02', NULL, NULL, 333333, 0, 'Corbiezx_Dev'),
	('2020-12-06 16:26:56', NULL, NULL, 333333, 0, 'Corbiezx_Dev'),
	('2020-12-06 16:45:20', NULL, NULL, 333333, 0, 'Corbiezx_Dev'),
	('2020-12-06 16:46:38', NULL, NULL, 333333, 0, 'Corbiezx_Dev'),
	('2020-12-06 17:13:08', NULL, NULL, 333333, 0, 'Corbiezx_Dev'),
	('2020-12-06 17:13:55', NULL, NULL, 333333, 0, 'Corbiezx_Dev'),
	('2020-12-08 15:08:12', NULL, NULL, 333333, 0, 'Corbiezx_Dev'),
	('2020-12-09 15:33:26', NULL, NULL, 333333, 0, 'Corbiezx_Dev'),
	('2020-12-09 17:30:24', NULL, NULL, 333333, 0, 'Corbiezx_Dev'),
	('2020-12-09 17:36:31', NULL, NULL, 333333, 0, 'Corbiezx_Dev'),
	('2020-12-09 18:15:09', NULL, NULL, 333333, 0, 'Corbiezx_Dev');
/*!40000 ALTER TABLE `idlog` ENABLE KEYS */;

-- Дамп структуры для таблица projectlogs.itemslog
CREATE TABLE IF NOT EXISTS `itemslog` (
  `time` datetime DEFAULT NULL,
  `from` varchar(150) DEFAULT NULL,
  `to` varchar(150) DEFAULT NULL,
  `type` int DEFAULT NULL,
  `amount` int DEFAULT NULL,
  `data` varchar(100) DEFAULT NULL,
  KEY `time` (`time`) USING BTREE,
  KEY `from` (`from`) USING BTREE,
  KEY `to` (`to`) USING BTREE,
  KEY `type` (`type`) USING BTREE,
  KEY `amount` (`amount`) USING BTREE,
  KEY `data` (`data`) USING BTREE
) ENGINE=InnoDB DEFAULT CHARSET=utf8 ROW_FORMAT=DYNAMIC;

-- Дамп данных таблицы projectlogs.itemslog: ~11 rows (приблизительно)
DELETE FROM `itemslog`;
/*!40000 ALTER TABLE `itemslog` DISABLE KEYS */;
INSERT INTO `itemslog` (`time`, `from`, `to`, `type`, `amount`, `data`) VALUES
	('2020-11-17 22:30:43', 'player(333333)', 'use', 10, 1, ''),
	('2020-11-28 14:50:20', 'player(333333)', 'use', 1031, 1, ''),
	('2020-11-29 13:10:54', 'player(333333)', 'use', 40, 1, '4'),
	('2020-11-29 13:11:18', 'player(333333)', 'use', 1030, 1, ''),
	('2020-11-29 13:11:24', 'player(333333)', 'use', 9, 1, ''),
	('2020-11-29 13:11:27', 'player(333333)', 'use', 235, 1, ''),
	('2020-11-29 13:11:29', 'player(333333)', 'use', 234, 1, ''),
	('2020-11-29 13:11:32', 'player(333333)', 'use', 234, 1, ''),
	('2020-11-29 13:11:51', 'player(333333)', 'use', 196, 1, '201200002'),
	('2020-11-29 13:13:11', 'player(333333)', 'use', 220, 1, '201200017'),
	('2020-11-29 13:13:18', 'player(333333)', 'use', 197, 1, '201200007'),
	('2020-11-29 13:16:31', 'player(333333)', 'use', 199, 1, '201200012'),
	('2020-12-05 18:12:24', 'player(333333)', 'use', 222, 1, '201200021');
/*!40000 ALTER TABLE `itemslog` ENABLE KEYS */;

-- Дамп структуры для таблица projectlogs.moneylog
CREATE TABLE IF NOT EXISTS `moneylog` (
  `time` datetime DEFAULT NULL,
  `from` varchar(150) DEFAULT NULL,
  `to` varchar(150) DEFAULT NULL,
  `amount` bigint DEFAULT NULL,
  `comment` varchar(80) DEFAULT NULL,
  KEY `time` (`time`) USING BTREE,
  KEY `from` (`from`) USING BTREE,
  KEY `to` (`to`) USING BTREE,
  KEY `amount` (`amount`) USING BTREE,
  KEY `comment` (`comment`) USING BTREE
) ENGINE=InnoDB DEFAULT CHARSET=utf8 ROW_FORMAT=DYNAMIC;

-- Дамп данных таблицы projectlogs.moneylog: ~380 rows (приблизительно)
DELETE FROM `moneylog`;
/*!40000 ALTER TABLE `moneylog` DISABLE KEYS */;
INSERT INTO `moneylog` (`time`, `from`, `to`, `amount`, `comment`) VALUES
	('2020-11-17 21:00:00', 'server', 'player(333333)', 3050, 'payday'),
	('2020-11-17 21:38:25', 'player(333333)', 'player(333333)', 100000000, 'admin'),
	('2020-11-17 21:43:26', 'player(333333)', 'server', 100, 'houseBuy(0)'),
	('2020-11-17 21:44:03', 'player(333333)', 'server', 100, 'buyBiz(0)'),
	('2020-11-17 21:45:47', 'player(333333)', 'bank(604895)', 100000, 'atmIn'),
	('2020-11-17 21:45:49', 'player(333333)', 'bank(604895)', 100000, 'atmIn'),
	('2020-11-17 21:45:50', 'player(333333)', 'bank(604895)', 100000, 'atmIn'),
	('2020-11-17 21:46:02', 'player(333333)', 'bank(604895)', 9999999, 'atmIn'),
	('2020-11-17 21:46:50', 'bank(604895)', 'server', 4000000, 'bizOrder'),
	('2020-11-17 21:50:12', 'server', 'player(333333)', 70, 'sellBiz(0)'),
	('2020-11-17 21:50:25', 'player(333333)', 'server', 100, 'buyBiz(1)'),
	('2020-11-17 21:50:46', 'bank(604895)', 'server', 492000, 'bizOrder'),
	('2020-11-17 21:54:36', 'biz(1)', 'bank(604895)', 492000, 'bizProfit'),
	('2020-11-17 21:54:36', 'player(333333)', 'biz(1)', 492000, 'buyCar(Jester)'),
	('2020-11-17 21:55:18', 'player(333333)', 'biz(0)', 29900, 'buyTuning(N407L,10,3)'),
	('2020-11-17 21:55:25', 'player(333333)', 'biz(0)', 14000, 'buyTuning(N407L,0,2)'),
	('2020-11-17 21:55:32', 'player(333333)', 'biz(0)', 36000, 'buyTuning(N407L,11,0)'),
	('2020-11-17 21:55:38', 'player(333333)', 'biz(0)', 18000, 'buyTuning(N407L,15,2)'),
	('2020-11-17 21:55:49', 'player(333333)', 'biz(0)', 22000, 'buyTuning(N407L,3,0)'),
	('2020-11-17 21:56:03', 'player(333333)', 'biz(0)', 100000, 'buyTuning(N407L,17,8)'),
	('2020-11-17 21:56:12', 'player(333333)', 'biz(0)', 5000, 'buyTuning(N407L,20,2)'),
	('2020-11-17 22:00:00', 'server', 'player(333333)', 2500, 'payday'),
	('2020-11-17 22:00:00', 'biz(1)', 'frac(6)', 0, 'bizTaxHour'),
	('2020-11-17 22:00:00', 'house(0)', 'frac(6)', 0, 'houseTaxHour'),
	('2020-11-17 22:30:05', 'bank(604895)', 'server', 385000, 'bizOrder'),
	('2020-11-17 22:33:26', 'biz(1)', 'bank(604895)', 385000, 'bizProfit'),
	('2020-11-17 22:33:26', 'player(333333)', 'biz(1)', 385000, 'buyCar(Elegy2)'),
	('2020-11-17 22:44:14', 'player(333333)', 'biz(0)', 29900, 'buyTuning(A561S,10,3)'),
	('2020-11-17 22:44:20', 'player(333333)', 'biz(0)', 36000, 'buyTuning(A561S,11,0)'),
	('2020-11-17 22:44:33', 'player(333333)', 'biz(0)', 24000, 'buyTuning(A561S,15,3)'),
	('2020-11-17 22:44:47', 'player(333333)', 'biz(0)', 13000, 'buyTuning(A561S,3,3)'),
	('2020-11-17 22:44:59', 'player(333333)', 'biz(0)', 18000, 'buyTuning(A561S,14,1)'),
	('2020-11-17 22:52:35', 'server', 'player(333333)', 70, 'sellBiz(1)'),
	('2020-11-17 22:52:57', 'player(333333)', 'server', 100, 'buyBiz(4)'),
	('2020-11-17 22:53:08', 'server', 'player(333333)', 70, 'sellBiz(4)'),
	('2020-11-17 22:53:22', 'player(333333)', 'server', 100, 'buyBiz(4)'),
	('2020-11-17 22:54:09', 'server', 'player(333333)', 70, 'sellBiz(4)'),
	('2020-11-17 22:54:31', 'player(333333)', 'server', 100, 'buyBiz(3)'),
	('2020-11-17 22:54:54', 'bank(604895)', 'server', 800000, 'bizOrder'),
	('2020-11-17 23:00:00', 'biz(3)', 'frac(6)', 0, 'bizTaxHour'),
	('2020-11-17 23:00:00', 'house(0)', 'frac(6)', 0, 'houseTaxHour'),
	('2020-11-17 13:00:00', 'server', 'player(333333)', 2500, 'payday'),
	('2020-11-17 13:00:00', 'biz(3)', 'frac(6)', 0, 'bizTaxHour'),
	('2020-11-17 13:00:00', 'house(0)', 'frac(6)', 0, 'houseTaxHour'),
	('2020-11-18 18:41:40', 'player(333333)', 'server', 100, 'busRent'),
	('2020-11-18 18:41:50', 'server', 'player(333333)', 6, 'busCheck'),
	('2020-11-18 18:41:57', 'server', 'player(333333)', 6, 'busCheck'),
	('2020-11-18 18:42:09', 'server', 'player(333333)', 6, 'busCheck'),
	('2020-11-18 18:42:33', 'server', 'player(333333)', 6, 'busCheck'),
	('2020-11-18 18:43:00', 'server', 'player(333333)', 6, 'busCheck'),
	('2020-11-18 18:43:04', 'server', 'player(333333)', 6, 'busCheck'),
	('2020-11-18 18:44:04', 'server', 'player(333333)', 6, 'busCheck'),
	('2020-11-18 18:44:22', 'server', 'player(333333)', 6, 'busCheck'),
	('2020-11-18 18:44:40', 'server', 'player(333333)', 6, 'busCheck'),
	('2020-11-18 18:45:08', 'server', 'player(333333)', 6, 'busCheck'),
	('2020-11-18 18:46:45', 'player(333333)', 'server', 100, 'busRent'),
	('2020-11-18 18:47:13', 'player(333333)', 'player(333333)', -88490212, 'admin'),
	('2020-11-18 18:47:21', 'server', 'player(333333)', 6, 'busCheck'),
	('2020-11-18 18:47:26', 'server', 'player(333333)', 6, 'busCheck'),
	('2020-11-18 18:47:44', 'server', 'player(333333)', 6, 'busCheck'),
	('2020-11-18 18:48:04', 'server', 'player(333333)', 6, 'busCheck'),
	('2020-11-18 18:48:46', 'server', 'player(333333)', 6, 'busCheck'),
	('2020-11-18 18:48:50', 'server', 'player(333333)', 6, 'busCheck'),
	('2020-11-18 18:49:59', 'server', 'player(333333)', 6, 'busCheck'),
	('2020-11-18 18:50:47', 'server', 'player(333333)', 6, 'busCheck'),
	('2020-11-18 18:51:57', 'server', 'player(333333)', 6, 'busCheck'),
	('2020-11-18 18:52:22', 'server', 'player(333333)', 6, 'busCheck'),
	('2020-11-18 18:52:39', 'server', 'player(333333)', 6, 'busCheck'),
	('2020-11-18 18:55:30', 'server', 'player(333333)', 6, 'busCheck'),
	('2020-11-18 18:55:58', 'server', 'player(333333)', 6, 'busCheck'),
	('2020-11-18 18:56:39', 'server', 'player(333333)', 6, 'busCheck'),
	('2020-11-18 18:56:59', 'server', 'player(333333)', 6, 'busCheck'),
	('2020-11-18 18:57:18', 'server', 'player(333333)', 6, 'busCheck'),
	('2020-11-18 18:57:55', 'server', 'player(333333)', 6, 'busCheck'),
	('2020-11-18 18:58:00', 'server', 'player(333333)', 6, 'busCheck'),
	('2020-11-18 18:58:21', 'server', 'player(333333)', 6, 'busCheck'),
	('2020-11-18 18:58:51', 'server', 'player(333333)', 6, 'busCheck'),
	('2020-11-18 18:58:59', 'server', 'player(333333)', 6, 'busCheck'),
	('2020-11-18 18:59:20', 'server', 'player(333333)', 6, 'busCheck'),
	('2020-11-18 18:59:32', 'server', 'player(333333)', 6, 'busCheck'),
	('2020-11-18 19:00:00', 'server', 'player(333333)', 2500, 'payday'),
	('2020-11-18 19:00:00', 'biz(3)', 'frac(6)', 0, 'bizTaxHour'),
	('2020-11-18 19:00:00', 'house(0)', 'frac(6)', 0, 'houseTaxHour'),
	('2020-11-18 19:00:01', 'server', 'player(333333)', 6, 'busCheck'),
	('2020-11-18 19:00:44', 'player(333333)', 'player(333333)', -2500, 'admin'),
	('2020-11-18 19:00:56', 'server', 'player(333333)', 6, 'busCheck'),
	('2020-11-18 19:01:10', 'server', 'player(333333)', 6, 'busCheck'),
	('2020-11-18 19:01:34', 'server', 'player(333333)', 6, 'busCheck'),
	('2020-11-18 19:01:56', 'server', 'player(333333)', 6, 'busCheck'),
	('2020-11-18 19:02:28', 'server', 'player(333333)', 6, 'busCheck'),
	('2020-11-18 19:02:47', 'server', 'player(333333)', 6, 'busCheck'),
	('2020-11-18 19:03:13', 'server', 'player(333333)', 6, 'busCheck'),
	('2020-11-18 19:03:37', 'server', 'player(333333)', 6, 'busCheck'),
	('2020-11-18 19:03:51', 'server', 'player(333333)', 6, 'busCheck'),
	('2020-11-18 19:04:17', 'server', 'player(333333)', 6, 'busCheck'),
	('2020-11-18 19:04:24', 'server', 'player(333333)', 6, 'busCheck'),
	('2020-11-18 19:04:58', 'server', 'player(333333)', 6, 'busCheck'),
	('2020-11-18 19:05:28', 'server', 'player(333333)', 6, 'busCheck'),
	('2020-11-18 19:05:58', 'server', 'player(333333)', 6, 'busCheck'),
	('2020-11-18 19:06:17', 'server', 'player(333333)', 6, 'busCheck'),
	('2020-11-18 19:06:50', 'server', 'player(333333)', 6, 'busCheck'),
	('2020-11-18 19:07:15', 'server', 'player(333333)', 6, 'busCheck'),
	('2020-11-18 19:07:39', 'server', 'player(333333)', 6, 'busCheck'),
	('2020-11-18 19:08:56', 'server', 'player(333333)', 6, 'busCheck'),
	('2020-11-18 19:09:00', 'server', 'player(333333)', 6, 'busCheck'),
	('2020-11-18 19:10:03', 'server', 'player(333333)', 6, 'busCheck'),
	('2020-11-18 19:10:09', 'server', 'player(333333)', 6, 'busCheck'),
	('2020-11-18 19:10:25', 'server', 'player(333333)', 6, 'busCheck'),
	('2020-11-18 19:11:56', 'player(333333)', 'server', 100, 'busRent'),
	('2020-11-18 19:12:04', 'server', 'player(333333)', 6, 'busCheck'),
	('2020-11-18 19:12:09', 'server', 'player(333333)', 6, 'busCheck'),
	('2020-11-18 19:12:14', 'server', 'player(333333)', 6, 'busCheck'),
	('2020-11-18 19:12:29', 'server', 'player(333333)', 6, 'busCheck'),
	('2020-11-18 19:12:45', 'server', 'player(333333)', 6, 'busCheck'),
	('2020-11-18 19:12:57', 'server', 'player(333333)', 6, 'busCheck'),
	('2020-11-18 19:20:56', 'player(333333)', 'server', 100, 'busRent'),
	('2020-11-18 19:21:04', 'server', 'player(333333)', 6, 'busCheck'),
	('2020-11-18 19:21:08', 'server', 'player(333333)', 6, 'busCheck'),
	('2020-11-18 19:21:20', 'server', 'player(333333)', 6, 'busCheck'),
	('2020-11-18 19:21:43', 'server', 'player(333333)', 6, 'busCheck'),
	('2020-11-18 19:23:44', 'server', 'player(333333)', 6, 'busCheck'),
	('2020-11-18 19:24:07', 'server', 'player(333333)', 6, 'busCheck'),
	('2020-11-18 19:24:32', 'server', 'player(333333)', 6, 'busCheck'),
	('2020-11-18 19:25:47', 'server', 'player(333333)', 6, 'busCheck'),
	('2020-11-18 19:25:59', 'server', 'player(333333)', 6, 'busCheck'),
	('2020-11-18 19:26:45', 'server', 'player(333333)', 6, 'busCheck'),
	('2020-11-18 19:26:59', 'server', 'player(333333)', 6, 'busCheck'),
	('2020-11-18 19:27:59', 'server', 'player(333333)', 6, 'busCheck'),
	('2020-11-18 19:28:14', 'server', 'player(333333)', 6, 'busCheck'),
	('2020-11-18 19:28:23', 'server', 'player(333333)', 6, 'busCheck'),
	('2020-11-18 19:28:34', 'server', 'player(333333)', 6, 'busCheck'),
	('2020-11-18 19:29:03', 'server', 'player(333333)', 6, 'busCheck'),
	('2020-11-18 19:29:17', 'server', 'player(333333)', 6, 'busCheck'),
	('2020-11-18 19:29:21', 'server', 'player(333333)', 6, 'busCheck'),
	('2020-11-18 19:29:32', 'server', 'player(333333)', 6, 'busCheck'),
	('2020-11-18 19:31:00', 'server', 'player(333333)', 6, 'busCheck'),
	('2020-11-18 19:31:08', 'server', 'player(333333)', 6, 'busCheck'),
	('2020-11-18 19:31:23', 'server', 'player(333333)', 6, 'busCheck'),
	('2020-11-18 19:31:33', 'server', 'player(333333)', 6, 'busCheck'),
	('2020-11-18 19:31:53', 'server', 'player(333333)', 6, 'busCheck'),
	('2020-11-18 19:32:09', 'server', 'player(333333)', 6, 'busCheck'),
	('2020-11-18 19:32:30', 'server', 'player(333333)', 6, 'busCheck'),
	('2020-11-18 19:32:50', 'server', 'player(333333)', 6, 'busCheck'),
	('2020-11-18 19:33:07', 'server', 'player(333333)', 6, 'busCheck'),
	('2020-11-18 19:33:54', 'server', 'player(333333)', 6, 'busCheck'),
	('2020-11-18 19:34:10', 'server', 'player(333333)', 6, 'busCheck'),
	('2020-11-18 19:34:31', 'server', 'player(333333)', 6, 'busCheck'),
	('2020-11-18 19:34:46', 'server', 'player(333333)', 6, 'busCheck'),
	('2020-11-18 19:34:55', 'server', 'player(333333)', 6, 'busCheck'),
	('2020-11-18 19:35:22', 'server', 'player(333333)', 6, 'busCheck'),
	('2020-11-18 19:35:27', 'server', 'player(333333)', 6, 'busCheck'),
	('2020-11-18 19:35:45', 'server', 'player(333333)', 6, 'busCheck'),
	('2020-11-18 19:36:27', 'server', 'player(333333)', 6, 'busCheck'),
	('2020-11-18 19:38:08', 'server', 'player(333333)', 6, 'busCheck'),
	('2020-11-18 19:43:31', 'player(333333)', 'server', 100, 'busRent'),
	('2020-11-18 19:43:55', 'server', 'player(333333)', 6, 'busCheck'),
	('2020-11-18 19:44:00', 'server', 'player(333333)', 6, 'busCheck'),
	('2020-11-18 19:45:21', 'player(333333)', 'server', 100, 'busRent'),
	('2020-11-18 19:45:30', 'server', 'player(333333)', 6, 'busCheck'),
	('2020-11-18 19:45:35', 'server', 'player(333333)', 6, 'busCheck'),
	('2020-11-18 19:45:46', 'server', 'player(333333)', 6, 'busCheck'),
	('2020-11-18 19:46:09', 'server', 'player(333333)', 6, 'busCheck'),
	('2020-11-18 19:46:38', 'server', 'player(333333)', 6, 'busCheck'),
	('2020-11-18 19:47:28', 'server', 'player(333333)', 6, 'busCheck'),
	('2020-11-18 19:48:17', 'server', 'player(333333)', 6, 'busCheck'),
	('2020-11-18 19:48:36', 'server', 'player(333333)', 6, 'busCheck'),
	('2020-11-18 19:48:53', 'server', 'player(333333)', 6, 'busCheck'),
	('2020-11-18 19:49:26', 'server', 'player(333333)', 6, 'busCheck'),
	('2020-11-18 19:49:48', 'server', 'player(333333)', 6, 'busCheck'),
	('2020-11-18 19:51:35', 'server', 'player(333333)', 6, 'busCheck'),
	('2020-11-18 19:52:01', 'server', 'player(333333)', 6, 'busCheck'),
	('2020-11-18 19:54:39', 'server', 'player(333333)', 6, 'busCheck'),
	('2020-11-18 19:54:58', 'server', 'player(333333)', 6, 'busCheck'),
	('2020-11-18 19:55:16', 'server', 'player(333333)', 6, 'busCheck'),
	('2020-11-18 19:55:20', 'server', 'player(333333)', 6, 'busCheck'),
	('2020-11-18 19:55:51', 'server', 'player(333333)', 6, 'busCheck'),
	('2020-11-18 19:56:16', 'server', 'player(333333)', 6, 'busCheck'),
	('2020-11-18 19:56:24', 'server', 'player(333333)', 6, 'busCheck'),
	('2020-11-18 19:56:46', 'server', 'player(333333)', 6, 'busCheck'),
	('2020-11-18 19:57:20', 'server', 'player(333333)', 6, 'busCheck'),
	('2020-11-18 19:58:05', 'server', 'player(333333)', 6, 'busCheck'),
	('2020-11-18 19:59:30', 'server', 'player(333333)', 6, 'busCheck'),
	('2020-11-18 20:00:00', 'server', 'player(333333)', 2500, 'payday'),
	('2020-11-18 20:00:00', 'biz(3)', 'frac(6)', 0, 'bizTaxHour'),
	('2020-11-18 20:00:00', 'house(0)', 'frac(6)', 0, 'houseTaxHour'),
	('2020-11-18 20:00:30', 'server', 'player(333333)', 6, 'busCheck'),
	('2020-11-18 20:00:50', 'server', 'player(333333)', 6, 'busCheck'),
	('2020-11-19 18:00:00', 'server', 'player(333333)', 2500, 'payday'),
	('2020-11-19 18:00:00', 'biz(3)', 'frac(6)', 0, 'bizTaxHour'),
	('2020-11-19 18:00:00', 'house(0)', 'frac(6)', 0, 'houseTaxHour'),
	('2020-11-19 19:00:00', 'server', 'player(333333)', 2500, 'payday'),
	('2020-11-19 19:00:00', 'biz(3)', 'frac(6)', 0, 'bizTaxHour'),
	('2020-11-19 19:00:00', 'house(0)', 'frac(6)', 0, 'houseTaxHour'),
	('2020-11-19 20:00:00', 'server', 'player(333333)', 2500, 'payday'),
	('2020-11-19 20:00:00', 'biz(3)', 'frac(6)', 0, 'bizTaxHour'),
	('2020-11-19 20:00:00', 'house(0)', 'frac(6)', 0, 'houseTaxHour'),
	('2020-11-19 21:00:00', 'server', 'player(333333)', 2500, 'payday'),
	('2020-11-19 21:00:00', 'biz(3)', 'frac(6)', 0, 'bizTaxHour'),
	('2020-11-19 21:00:00', 'house(0)', 'frac(6)', 0, 'houseTaxHour'),
	('2020-11-19 22:00:00', 'biz(3)', 'frac(6)', 0, 'bizTaxHour'),
	('2020-11-19 22:00:00', 'house(0)', 'frac(6)', 0, 'houseTaxHour'),
	('2020-11-19 23:00:00', 'server', 'player(333333)', 2500, 'payday'),
	('2020-11-19 23:00:00', 'biz(3)', 'frac(6)', 0, 'bizTaxHour'),
	('2020-11-19 23:00:00', 'house(0)', 'frac(6)', 0, 'houseTaxHour'),
	('2020-11-20 00:00:00', 'biz(3)', 'frac(6)', 0, 'bizTaxHour'),
	('2020-11-20 00:00:00', 'house(0)', 'frac(6)', 0, 'houseTaxHour'),
	('2020-11-20 16:47:00', 'player(333333)', 'player(333333)', 100000000, 'admin'),
	('2020-11-20 16:47:09', 'biz(3)', 'bank(604895)', 800000, 'bizProfit'),
	('2020-11-20 16:47:09', 'player(333333)', 'biz(3)', 800000, 'buyCar(SultanRS)'),
	('2020-11-20 16:48:29', 'server', 'player(333333)', 400000, 'carSell(SultanRS)'),
	('2020-11-20 17:00:00', 'server', 'player(333333)', 2500, 'payday'),
	('2020-11-20 17:00:00', 'biz(3)', 'frac(6)', 0, 'bizTaxHour'),
	('2020-11-20 17:00:00', 'house(0)', 'frac(6)', 0, 'houseTaxHour'),
	('2020-11-20 20:35:51', 'server', 'player(333333)', 70, 'sellBiz(3)'),
	('2020-11-20 20:35:57', 'player(333333)', 'server', 100, 'buyBiz(1)'),
	('2020-11-20 20:39:50', 'bank(604895)', 'server', 432000, 'bizOrder'),
	('2020-11-20 20:46:05', 'biz(1)', 'bank(604895)', 500000, 'bizProfit'),
	('2020-11-20 20:46:05', 'player(333333)', 'biz(1)', 500000, 'buyCar(Coquette)'),
	('2020-11-20 20:46:29', 'player(333333)', 'biz(0)', 29900, 'buyTuning(F857F,10,3)'),
	('2020-11-20 20:46:49', 'player(333333)', 'biz(0)', 36000, 'buyTuning(F857F,11,0)'),
	('2020-11-20 20:46:58', 'player(333333)', 'biz(0)', 24000, 'buyTuning(F857F,15,3)'),
	('2020-11-20 20:47:21', 'player(333333)', 'biz(0)', 100000, 'buyTuning(F857F,17,8)'),
	('2020-11-20 20:47:40', 'player(333333)', 'biz(0)', 5000, 'buyTuning(F857F,20,2)'),
	('2020-11-20 20:54:10', 'server', 'player(333333)', 70, 'sellBiz(1)'),
	('2020-11-20 20:54:19', 'player(333333)', 'server', 100, 'buyBiz(8)'),
	('2020-11-20 20:58:31', 'player(333333)', 'biz(0)', 12000, 'buyTuning(F857F,13,2)'),
	('2020-11-20 21:00:00', 'server', 'player(333333)', 2500, 'payday'),
	('2020-11-20 21:00:00', 'biz(1)', 'frac(6)', 0, 'bizTaxHour'),
	('2020-11-20 21:00:00', 'biz(8)', 'frac(6)', 0, 'bizTaxHour'),
	('2020-11-20 21:00:00', 'house(0)', 'frac(6)', 0, 'houseTaxHour'),
	('2020-11-20 21:09:10', 'server', 'player(333333)', 70, 'sellBiz(8)'),
	('2020-11-20 22:00:00', 'biz(1)', 'frac(6)', 0, 'bizTaxHour'),
	('2020-11-20 22:00:00', 'house(0)', 'frac(6)', 0, 'houseTaxHour'),
	('2020-11-20 22:02:48', 'server', 'player(333333)', 6, 'Window_washCheck'),
	('2020-11-20 22:02:56', 'server', 'player(333333)', 6, 'Window_washCheck'),
	('2020-11-20 22:03:01', 'server', 'player(333333)', 6, 'Window_washCheck'),
	('2020-11-21 12:24:09', 'player(333333)', 'biz(0)', 5000, 'buyTuning(N407L,20,2)'),
	('2020-11-21 12:24:17', 'player(333333)', 'biz(0)', 5000, 'buyTuning(N407L,20,1)'),
	('2020-11-21 12:24:27', 'player(333333)', 'biz(0)', 5000, 'buyTuning(N407L,20,0)'),
	('2020-11-21 13:00:00', 'biz(1)', 'frac(6)', 0, 'bizTaxHour'),
	('2020-11-21 13:00:00', 'house(0)', 'frac(6)', 0, 'houseTaxHour'),
	('2020-11-21 13:40:07', 'player(333333)', 'server', 100, 'busRent'),
	('2020-11-21 13:40:15', 'server', 'player(333333)', 6, 'busCheck'),
	('2020-11-21 13:40:20', 'server', 'player(333333)', 6, 'busCheck'),
	('2020-11-21 13:40:31', 'server', 'player(333333)', 6, 'busCheck'),
	('2020-11-21 13:40:55', 'server', 'player(333333)', 6, 'busCheck'),
	('2020-11-21 13:41:15', 'server', 'player(333333)', 6, 'busCheck'),
	('2020-11-21 13:42:07', 'server', 'player(333333)', 6, 'busCheck'),
	('2020-11-21 13:51:39', 'server', 'player(333333)', 6, 'busCheck'),
	('2020-11-21 13:51:57', 'server', 'player(333333)', 6, 'busCheck'),
	('2020-11-21 13:52:14', 'server', 'player(333333)', 6, 'busCheck'),
	('2020-11-21 13:52:47', 'server', 'player(333333)', 6, 'busCheck'),
	('2020-11-21 13:53:10', 'server', 'player(333333)', 6, 'busCheck'),
	('2020-11-21 13:54:03', 'server', 'player(333333)', 6, 'busCheck'),
	('2020-11-21 13:54:22', 'server', 'player(333333)', 6, 'busCheck'),
	('2020-11-21 13:54:43', 'server', 'player(333333)', 6, 'busCheck'),
	('2020-11-21 13:55:04', 'server', 'player(333333)', 6, 'busCheck'),
	('2020-11-21 13:55:28', 'server', 'player(333333)', 6, 'busCheck'),
	('2020-11-21 13:55:32', 'server', 'player(333333)', 6, 'busCheck'),
	('2020-11-21 13:56:05', 'server', 'player(333333)', 6, 'busCheck'),
	('2020-11-21 13:56:23', 'server', 'player(333333)', 6, 'busCheck'),
	('2020-11-21 13:56:29', 'server', 'player(333333)', 6, 'busCheck'),
	('2020-11-21 13:56:48', 'server', 'player(333333)', 6, 'busCheck'),
	('2020-11-21 13:56:57', 'server', 'player(333333)', 6, 'busCheck'),
	('2020-11-21 13:57:28', 'server', 'player(333333)', 6, 'busCheck'),
	('2020-11-21 13:57:41', 'server', 'player(333333)', 6, 'busCheck'),
	('2020-11-21 13:57:54', 'server', 'player(333333)', 6, 'busCheck'),
	('2020-11-21 13:58:17', 'server', 'player(333333)', 6, 'busCheck'),
	('2020-11-21 13:58:35', 'server', 'player(333333)', 6, 'busCheck'),
	('2020-11-21 13:59:07', 'server', 'player(333333)', 6, 'busCheck'),
	('2020-11-21 13:59:41', 'server', 'player(333333)', 6, 'busCheck'),
	('2020-11-21 14:00:01', 'server', 'player(333333)', 2500, 'payday'),
	('2020-11-21 14:00:01', 'biz(1)', 'frac(6)', 0, 'bizTaxHour'),
	('2020-11-21 14:00:01', 'house(0)', 'frac(6)', 0, 'houseTaxHour'),
	('2020-11-21 14:00:03', 'server', 'player(333333)', 6, 'busCheck'),
	('2020-11-21 14:00:21', 'server', 'player(333333)', 6, 'busCheck'),
	('2020-11-21 14:00:33', 'server', 'player(333333)', 6, 'busCheck'),
	('2020-11-21 14:00:42', 'server', 'player(333333)', 6, 'busCheck'),
	('2020-11-21 14:00:58', 'server', 'player(333333)', 6, 'busCheck'),
	('2020-11-21 14:02:34', 'server', 'player(333333)', 6, 'busCheck'),
	('2020-11-21 14:03:01', 'server', 'player(333333)', 6, 'busCheck'),
	('2020-11-21 14:03:16', 'server', 'player(333333)', 6, 'busCheck'),
	('2020-11-25 16:00:00', 'biz(1)', 'frac(6)', 0, 'bizTaxHour'),
	('2020-11-25 16:00:00', 'house(0)', 'frac(6)', 0, 'houseTaxHour'),
	('2020-11-25 17:00:00', 'server', 'player(333333)', 2500, 'payday'),
	('2020-11-25 17:00:00', 'biz(1)', 'frac(6)', 0, 'bizTaxHour'),
	('2020-11-25 17:00:00', 'house(0)', 'frac(6)', 0, 'houseTaxHour'),
	('2020-11-25 18:00:00', 'server', 'player(333333)', 100, 'allowance'),
	('2020-11-25 18:00:00', 'biz(1)', 'frac(6)', 0, 'bizTaxHour'),
	('2020-11-25 18:00:00', 'house(0)', 'frac(6)', 0, 'houseTaxHour'),
	('2020-11-26 14:00:00', 'server', 'player(333333)', 100, 'allowance'),
	('2020-11-26 14:00:00', 'biz(1)', 'frac(6)', 0, 'bizTaxHour'),
	('2020-11-26 14:00:00', 'house(0)', 'frac(6)', 0, 'houseTaxHour'),
	('2020-11-26 15:00:00', 'server', 'player(333333)', 100, 'allowance'),
	('2020-11-26 15:00:00', 'biz(1)', 'frac(6)', 0, 'bizTaxHour'),
	('2020-11-26 15:00:00', 'house(0)', 'frac(6)', 0, 'houseTaxHour'),
	('2020-11-26 16:00:00', 'biz(1)', 'frac(6)', 0, 'bizTaxHour'),
	('2020-11-26 16:00:00', 'house(0)', 'frac(6)', 0, 'houseTaxHour'),
	('2020-11-27 17:00:00', 'server', 'player(333333)', 100, 'allowance'),
	('2020-11-27 17:00:00', 'biz(1)', 'frac(6)', 0, 'bizTaxHour'),
	('2020-11-27 17:00:00', 'house(0)', 'frac(6)', 0, 'houseTaxHour'),
	('2020-11-27 18:00:00', 'server', 'player(333333)', 100, 'allowance'),
	('2020-11-27 18:00:00', 'biz(1)', 'frac(6)', 0, 'bizTaxHour'),
	('2020-11-27 18:00:00', 'house(0)', 'frac(6)', 0, 'houseTaxHour'),
	('2020-11-27 19:00:00', 'server', 'player(333333)', 100, 'allowance'),
	('2020-11-27 19:00:00', 'biz(1)', 'frac(6)', 0, 'bizTaxHour'),
	('2020-11-27 19:00:00', 'house(0)', 'frac(6)', 0, 'houseTaxHour'),
	('2020-11-27 20:00:00', 'server', 'player(333333)', 100, 'allowance'),
	('2020-11-27 20:00:00', 'biz(1)', 'frac(6)', 0, 'bizTaxHour'),
	('2020-11-27 20:00:00', 'house(0)', 'frac(6)', 0, 'houseTaxHour'),
	('2020-11-28 13:00:00', 'server', 'player(333333)', 100, 'allowance'),
	('2020-11-28 13:00:00', 'biz(1)', 'frac(6)', 0, 'bizTaxHour'),
	('2020-11-28 13:00:00', 'house(0)', 'frac(6)', 0, 'houseTaxHour'),
	('2020-11-28 13:33:03', 'player(333333)', 'biz(0)', 5000, 'buyTuning(N407L,20,0)'),
	('2020-11-28 14:00:01', 'server', 'player(333333)', 100, 'allowance'),
	('2020-11-28 14:00:01', 'biz(1)', 'frac(6)', 0, 'bizTaxHour'),
	('2020-11-28 14:00:01', 'house(0)', 'frac(6)', 0, 'houseTaxHour'),
	('2020-11-28 15:00:01', 'server', 'player(333333)', 100, 'allowance'),
	('2020-11-28 15:00:01', 'biz(1)', 'frac(6)', 0, 'bizTaxHour'),
	('2020-11-28 15:00:01', 'house(0)', 'frac(6)', 0, 'houseTaxHour'),
	('2020-11-28 16:00:00', 'server', 'player(333333)', 2500, 'payday'),
	('2020-11-28 16:00:00', 'biz(1)', 'frac(6)', 0, 'bizTaxHour'),
	('2020-11-28 16:00:00', 'house(0)', 'frac(6)', 0, 'houseTaxHour'),
	('2020-11-28 17:00:00', 'server', 'player(333333)', 2500, 'payday'),
	('2020-11-28 17:00:00', 'biz(1)', 'frac(6)', 0, 'bizTaxHour'),
	('2020-11-28 17:00:00', 'house(0)', 'frac(6)', 0, 'houseTaxHour'),
	('2020-11-28 17:34:02', 'server', 'player(333333)', 12, 'builderCheck'),
	('2020-11-28 17:34:15', 'server', 'player(333333)', 12, 'builderCheck'),
	('2020-11-28 17:34:24', 'server', 'player(333333)', 12, 'builderCheck'),
	('2020-11-28 17:34:34', 'server', 'player(333333)', 12, 'builderCheck'),
	('2020-11-28 17:34:41', 'server', 'player(333333)', 12, 'builderCheck'),
	('2020-11-28 17:36:41', 'server', 'player(333333)', 12, 'builderCheck'),
	('2020-11-28 17:37:10', 'server', 'player(333333)', 12, 'builderCheck'),
	('2020-11-28 17:37:17', 'server', 'player(333333)', 12, 'builderCheck'),
	('2020-11-28 18:00:00', 'server', 'player(333333)', 2500, 'payday'),
	('2020-11-28 18:00:00', 'biz(1)', 'frac(6)', 0, 'bizTaxHour'),
	('2020-11-28 18:00:00', 'house(0)', 'frac(6)', 0, 'houseTaxHour'),
	('2020-11-28 18:08:33', 'player(333333)', 'server', 100, 'busRent'),
	('2020-11-28 18:08:41', 'server', 'player(333333)', 6, 'busCheck'),
	('2020-11-28 18:08:49', 'server', 'player(333333)', 6, 'busCheck'),
	('2020-11-28 18:09:20', 'server', 'player(333333)', 6, 'busCheck'),
	('2020-11-28 18:13:16', 'player(333333)', 'server', 100, 'collectorRent'),
	('2020-11-28 18:20:39', 'player(333333)', 'server', 100, 'collectorRent'),
	('2020-11-28 18:23:47', 'server', 'player(333333)', 1242, 'collectorCheck'),
	('2020-11-28 18:24:43', 'server', 'player(333333)', 216, 'collectorCheck'),
	('2020-11-28 18:35:01', 'server', 'player(333333)', 54, 'postalCheck'),
	('2020-11-28 18:42:35', 'server', 'player(333333)', 54, 'postalCheck'),
	('2020-11-28 21:00:00', 'biz(1)', 'frac(6)', 0, 'bizTaxHour'),
	('2020-11-28 21:00:00', 'house(0)', 'frac(6)', 0, 'houseTaxHour'),
	('2020-11-29 11:53:09', 'server', 'player(333333)', 6, 'Window_washCheck'),
	('2020-11-29 11:53:15', 'server', 'player(333333)', 6, 'Window_washCheck'),
	('2020-11-29 11:56:56', 'player(333333)', 'server', 100, 'collectorRent'),
	('2020-11-29 12:00:00', 'server', 'player(333333)', 2500, 'payday'),
	('2020-11-29 12:00:00', 'biz(1)', 'frac(6)', 0, 'bizTaxHour'),
	('2020-11-29 12:00:00', 'house(0)', 'frac(6)', 0, 'houseTaxHour'),
	('2020-11-29 12:00:50', 'server', 'player(333333)', 342, 'collectorCheck'),
	('2020-11-29 12:06:42', 'player(333333)', 'server', 100, 'busRent'),
	('2020-11-29 12:06:50', 'server', 'player(333333)', 6, 'busCheck'),
	('2020-11-29 12:06:58', 'server', 'player(333333)', 6, 'busCheck'),
	('2020-11-29 12:07:29', 'server', 'player(333333)', 6, 'busCheck'),
	('2020-11-29 12:07:47', 'server', 'player(333333)', 6, 'busCheck'),
	('2020-11-29 12:08:16', 'server', 'player(333333)', 6, 'busCheck'),
	('2020-11-29 12:08:21', 'server', 'player(333333)', 6, 'busCheck'),
	('2020-11-29 12:08:37', 'server', 'player(333333)', 6, 'busCheck'),
	('2020-11-29 12:13:30', 'server', 'player(333333)', 6, 'busCheck'),
	('2020-11-29 12:18:32', 'player(333333)', 'server', 200, 'taxiRent'),
	('2020-11-29 13:00:00', 'server', 'player(333333)', 2500, 'payday'),
	('2020-11-29 13:00:00', 'biz(1)', 'frac(6)', 0, 'bizTaxHour'),
	('2020-11-29 13:00:00', 'house(0)', 'frac(6)', 0, 'houseTaxHour'),
	('2020-11-29 13:09:13', 'player(333333)', 'biz(12)', 1440, 'buyWShop(HeavyPistol)'),
	('2020-11-29 13:09:23', 'player(333333)', 'biz(12)', 2160, 'buyWShop(Hatchet)'),
	('2020-11-29 13:09:29', 'player(333333)', 'biz(12)', 2160, 'buyWShop(Grenade)'),
	('2020-11-29 13:09:30', 'player(333333)', 'biz(12)', 2160, 'buyWShop(Grenade)'),
	('2020-11-29 13:09:30', 'player(333333)', 'biz(12)', 2160, 'buyWShop(Grenade)'),
	('2020-11-29 13:09:31', 'player(333333)', 'biz(12)', 2160, 'buyWShop(Grenade)'),
	('2020-11-29 13:09:31', 'player(333333)', 'biz(12)', 2160, 'buyWShop(Grenade)'),
	('2020-11-29 13:09:43', 'player(333333)', 'biz(12)', 2160, 'buyWShop(StickyBomb)'),
	('2020-11-29 13:09:47', 'player(333333)', 'biz(12)', 2160, 'buyWShop(StickyBomb)'),
	('2020-11-29 13:09:51', 'player(333333)', 'biz(12)', 2160, 'buyWShop(StickyBomb)'),
	('2020-11-29 13:09:54', 'player(333333)', 'biz(12)', 2160, 'buyWShop(StickyBomb)'),
	('2020-11-29 13:09:55', 'player(333333)', 'biz(12)', 2160, 'buyWShop(StickyBomb)'),
	('2020-11-29 13:10:03', 'player(333333)', 'biz(12)', 2160, 'buyWShop(BZGas)'),
	('2020-11-29 13:10:03', 'player(333333)', 'biz(12)', 2160, 'buyWShop(BZGas)'),
	('2020-11-29 13:10:04', 'player(333333)', 'biz(12)', 2160, 'buyWShop(BZGas)'),
	('2020-11-29 13:10:04', 'player(333333)', 'biz(12)', 2160, 'buyWShop(BZGas)'),
	('2020-11-29 13:10:05', 'player(333333)', 'biz(12)', 2160, 'buyWShop(BZGas)'),
	('2020-11-29 13:10:08', 'player(333333)', 'biz(12)', 2160, 'buyWShop(Molotov)'),
	('2020-11-29 13:10:09', 'player(333333)', 'biz(12)', 2160, 'buyWShop(Molotov)'),
	('2020-11-29 13:10:10', 'player(333333)', 'biz(12)', 2160, 'buyWShop(Molotov)'),
	('2020-11-29 15:00:01', 'server', 'player(333333)', 2500, 'payday'),
	('2020-11-29 15:00:01', 'biz(1)', 'frac(6)', 0, 'bizTaxHour'),
	('2020-11-29 15:00:01', 'house(0)', 'frac(6)', 0, 'houseTaxHour'),
	('2020-11-29 16:30:00', 'player(333333)', 'biz(12)', 5, 'buyWShop(ammo)'),
	('2020-11-29 16:30:03', 'player(333333)', 'biz(12)', 6, 'buyWShop(ammo)'),
	('2020-11-29 16:30:08', 'player(333333)', 'biz(12)', 3, 'buyWShop(ammo)'),
	('2020-11-29 16:30:31', 'player(333333)', 'biz(12)', 3600, 'buyWShop(CombatPDW)'),
	('2020-11-29 16:49:36', 'player(333333)', 'server', 100, 'buyBiz(7)'),
	('2020-11-29 16:50:52', 'bank(604895)', 'server', 7500, 'bizOrder'),
	('2020-11-29 16:52:10', 'server', 'player(333333)', 60, 'houseSell(0)'),
	('2020-11-29 16:57:17', 'biz(7)', 'bank(604895)', 2500, 'bizProfit'),
	('2020-11-29 16:57:17', 'player(333333)', 'biz(7)', 2500, 'buyCar(Faggio2)'),
	('2020-11-29 16:57:22', 'biz(7)', 'bank(604895)', 2500, 'bizProfit'),
	('2020-11-29 16:57:22', 'player(333333)', 'biz(7)', 2500, 'buyCar(Faggio2)'),
	('2020-11-29 17:00:00', 'server', 'player(333333)', 2500, 'payday'),
	('2020-11-29 17:00:00', 'biz(1)', 'frac(6)', 0, 'bizTaxHour'),
	('2020-11-29 17:00:00', 'biz(7)', 'frac(6)', 0, 'bizTaxHour'),
	('2020-11-30 17:08:11', 'player(333333)', 'server', 100, 'busRent'),
	('2020-11-30 17:08:18', 'server', 'player(333333)', 6, 'busCheck'),
	('2020-11-30 17:08:28', 'server', 'player(333333)', 6, 'busCheck'),
	('2020-11-30 17:08:59', 'server', 'player(333333)', 6, 'busCheck'),
	('2020-11-30 17:09:23', 'server', 'player(333333)', 6, 'busCheck'),
	('2020-11-30 17:09:53', 'server', 'player(333333)', 6, 'busCheck'),
	('2020-11-30 17:10:12', 'server', 'player(333333)', 6, 'busCheck'),
	('2020-11-30 17:10:29', 'server', 'player(333333)', 6, 'busCheck'),
	('2020-11-30 17:10:41', 'server', 'player(333333)', 6, 'busCheck'),
	('2020-11-30 17:11:03', 'server', 'player(333333)', 6, 'busCheck'),
	('2020-11-30 17:11:21', 'server', 'player(333333)', 6, 'busCheck'),
	('2020-11-30 17:11:52', 'server', 'player(333333)', 6, 'busCheck'),
	('2020-11-30 17:12:02', 'server', 'player(333333)', 6, 'busCheck'),
	('2020-11-30 17:12:10', 'server', 'player(333333)', 6, 'busCheck'),
	('2020-11-30 17:12:21', 'server', 'player(333333)', 6, 'busCheck'),
	('2020-11-30 17:12:36', 'server', 'player(333333)', 6, 'busCheck'),
	('2020-11-30 17:12:41', 'server', 'player(333333)', 6, 'busCheck'),
	('2020-11-30 17:13:00', 'server', 'player(333333)', 6, 'busCheck'),
	('2020-11-30 17:13:15', 'server', 'player(333333)', 6, 'busCheck'),
	('2020-11-30 17:13:22', 'server', 'player(333333)', 6, 'busCheck'),
	('2020-11-30 17:13:32', 'server', 'player(333333)', 6, 'busCheck'),
	('2020-11-30 17:13:48', 'server', 'player(333333)', 6, 'busCheck'),
	('2020-11-30 17:13:54', 'server', 'player(333333)', 6, 'busCheck'),
	('2020-11-30 17:17:36', 'server', 'player(333333)', 6, 'busCheck'),
	('2020-11-30 17:17:43', 'server', 'player(333333)', 6, 'busCheck'),
	('2020-11-30 17:17:50', 'server', 'player(333333)', 6, 'busCheck'),
	('2020-11-30 17:17:56', 'server', 'player(333333)', 6, 'busCheck'),
	('2020-11-30 17:18:09', 'server', 'player(333333)', 6, 'busCheck'),
	('2020-11-30 17:18:19', 'server', 'player(333333)', 6, 'busCheck'),
	('2020-11-30 17:18:31', 'server', 'player(333333)', 6, 'busCheck'),
	('2020-11-30 17:18:57', 'server', 'player(333333)', 6, 'busCheck'),
	('2020-11-30 17:22:23', 'server', 'player(333333)', 6, 'busCheck'),
	('2020-11-30 17:22:35', 'server', 'player(333333)', 6, 'busCheck'),
	('2020-11-30 17:22:44', 'server', 'player(333333)', 6, 'busCheck'),
	('2020-11-30 17:22:51', 'server', 'player(333333)', 6, 'busCheck'),
	('2020-11-30 17:22:59', 'server', 'player(333333)', 6, 'busCheck'),
	('2020-12-04 14:19:40', 'player(333333)', 'server', 100, 'busRent'),
	('2020-12-04 14:19:47', 'server', 'player(333333)', 6, 'busCheck'),
	('2020-12-04 14:19:55', 'server', 'player(333333)', 6, 'busCheck'),
	('2020-12-04 14:20:26', 'server', 'player(333333)', 6, 'busCheck'),
	('2020-12-04 14:20:42', 'server', 'player(333333)', 6, 'busCheck'),
	('2020-12-04 14:21:13', 'server', 'player(333333)', 6, 'busCheck'),
	('2020-12-04 15:00:00', 'biz(1)', 'frac(6)', 0, 'bizTaxHour'),
	('2020-12-04 15:00:00', 'biz(7)', 'frac(6)', 0, 'bizTaxHour'),
	('2020-12-04 15:06:29', 'player(333333)', 'server', 100, 'busRent'),
	('2020-12-04 15:26:50', 'player(333333)', 'server', 100, 'busRent'),
	('2020-12-04 15:38:20', 'player(333333)', 'server', 100, 'busRent'),
	('2020-12-04 15:47:10', 'player(333333)', 'server', 100, 'busRent'),
	('2020-12-04 15:49:25', 'server', 'player(333333)', 6, 'busCheck'),
	('2020-12-04 16:00:01', 'server', 'player(333333)', 2500, 'payday'),
	('2020-12-04 16:00:01', 'biz(1)', 'frac(6)', 0, 'bizTaxHour'),
	('2020-12-04 16:00:01', 'biz(7)', 'frac(6)', 0, 'bizTaxHour'),
	('2020-12-04 16:10:01', 'server', 'player(333333)', 6, 'Window_washCheck'),
	('2020-12-04 16:10:10', 'server', 'player(333333)', 6, 'Window_washCheck'),
	('2020-12-04 16:18:38', 'player(333333)', 'server', 100, 'busRent'),
	('2020-12-04 16:24:33', 'player(333333)', 'server', 100, 'busRent'),
	('2020-12-04 16:27:58', 'player(333333)', 'server', 100, 'busRent'),
	('2020-12-04 16:30:18', 'player(333333)', 'server', 100, 'busRent'),
	('2020-12-04 16:32:04', 'player(333333)', 'server', 100, 'busRent'),
	('2020-12-04 16:33:26', 'player(333333)', 'server', 100, 'busRent'),
	('2020-12-04 16:34:36', 'player(333333)', 'server', 100, 'busRent'),
	('2020-12-05 18:00:00', 'biz(1)', 'frac(6)', 0, 'bizTaxHour'),
	('2020-12-05 18:00:00', 'biz(7)', 'frac(6)', 0, 'bizTaxHour'),
	('2020-12-05 18:12:10', 'player(333333)', 'biz(12)', 2160, 'buyWShop(Snowball)'),
	('2020-12-05 18:12:10', 'player(333333)', 'biz(12)', 2160, 'buyWShop(Snowball)'),
	('2020-12-05 18:12:11', 'player(333333)', 'biz(12)', 2160, 'buyWShop(Snowball)'),
	('2020-12-05 18:12:11', 'player(333333)', 'biz(12)', 2160, 'buyWShop(Snowball)'),
	('2020-12-05 18:12:12', 'player(333333)', 'biz(12)', 2160, 'buyWShop(Snowball)'),
	('2020-12-05 19:00:00', 'biz(1)', 'frac(6)', 0, 'bizTaxHour'),
	('2020-12-05 19:00:00', 'biz(7)', 'frac(6)', 0, 'bizTaxHour'),
	('2020-12-05 20:00:00', 'biz(1)', 'frac(6)', 0, 'bizTaxHour'),
	('2020-12-05 20:00:00', 'biz(7)', 'frac(6)', 0, 'bizTaxHour'),
	('2020-12-06 14:47:43', 'server', 'player(333333)', 10000, 'ulife'),
	('2020-12-06 14:55:06', 'player(333333)', 'player(333333)', 999999999, 'admin'),
	('2020-12-06 14:55:15', 'player(333333)', 'server', 800000, 'houseBuy(23)'),
	('2020-12-06 15:00:00', 'house(23)', 'frac(6)', 104, 'houseTaxHour'),
	('2020-12-06 15:00:00', 'house(559)', 'frac(6)', 5, 'houseTaxHour'),
	('2020-12-06 16:00:00', 'house(23)', 'frac(6)', 104, 'houseTaxHour'),
	('2020-12-06 16:00:00', 'house(559)', 'frac(6)', 5, 'houseTaxHour'),
	('2020-12-06 16:25:44', 'player(333333)', 'server', 100, 'busRent'),
	('2020-12-06 16:27:58', 'player(333333)', 'server', 100, 'busRent'),
	('2020-12-06 16:45:43', 'player(333333)', 'server', 100, 'busRent'),
	('2020-12-06 16:46:52', 'player(333333)', 'server', 100, 'busRent'),
	('2020-12-06 17:00:00', 'house(23)', 'frac(6)', 104, 'houseTaxHour'),
	('2020-12-06 17:00:00', 'house(559)', 'frac(6)', 5, 'houseTaxHour'),
	('2020-12-06 17:14:10', 'player(333333)', 'server', 100, 'busRent'),
	('2020-12-06 17:14:18', 'server', 'player(333333)', 8, 'busCheck'),
	('2020-12-08 16:00:00', 'server', 'player(333333)', 800, 'allowance'),
	('2020-12-08 17:00:00', 'server', 'player(333333)', 800, 'allowance');
/*!40000 ALTER TABLE `moneylog` ENABLE KEYS */;

-- Дамп структуры для таблица projectlogs.namelog
CREATE TABLE IF NOT EXISTS `namelog` (
  `time` datetime DEFAULT NULL,
  `uuid` int DEFAULT NULL,
  `old` varchar(50) DEFAULT NULL,
  `new` varchar(50) DEFAULT NULL,
  KEY `time` (`time`) USING BTREE,
  KEY `uuid` (`uuid`) USING BTREE,
  KEY `old` (`old`) USING BTREE,
  KEY `new` (`new`) USING BTREE
) ENGINE=InnoDB DEFAULT CHARSET=utf8 ROW_FORMAT=DYNAMIC;

-- Дамп данных таблицы projectlogs.namelog: ~0 rows (приблизительно)
DELETE FROM `namelog`;
/*!40000 ALTER TABLE `namelog` DISABLE KEYS */;
/*!40000 ALTER TABLE `namelog` ENABLE KEYS */;

-- Дамп структуры для таблица projectlogs.stocklog
CREATE TABLE IF NOT EXISTS `stocklog` (
  `time` datetime DEFAULT NULL,
  `frac` tinyint DEFAULT NULL,
  `uuid` varchar(150) DEFAULT NULL,
  `type` varchar(100) DEFAULT NULL,
  `amount` int DEFAULT NULL,
  `in` tinyint DEFAULT NULL,
  KEY `time` (`time`) USING BTREE,
  KEY `frac` (`frac`) USING BTREE,
  KEY `uuid` (`uuid`) USING BTREE,
  KEY `type` (`type`) USING BTREE,
  KEY `amount` (`amount`) USING BTREE,
  KEY `in` (`in`) USING BTREE
) ENGINE=InnoDB DEFAULT CHARSET=utf8 ROW_FORMAT=DYNAMIC;

-- Дамп данных таблицы projectlogs.stocklog: ~0 rows (приблизительно)
DELETE FROM `stocklog`;
/*!40000 ALTER TABLE `stocklog` DISABLE KEYS */;
/*!40000 ALTER TABLE `stocklog` ENABLE KEYS */;

-- Дамп структуры для таблица projectlogs.ticketlog
CREATE TABLE IF NOT EXISTS `ticketlog` (
  `time` datetime DEFAULT NULL,
  `player` varchar(150) DEFAULT NULL,
  `target` varchar(150) DEFAULT NULL,
  `sum` int DEFAULT NULL,
  `reason` varchar(100) DEFAULT NULL,
  `pnick` varchar(150) DEFAULT NULL,
  `tnick` varchar(150) DEFAULT NULL,
  KEY `time` (`time`) USING BTREE,
  KEY `player` (`player`) USING BTREE,
  KEY `target` (`target`) USING BTREE,
  KEY `sum` (`sum`) USING BTREE,
  KEY `reason` (`reason`) USING BTREE,
  KEY `pnick` (`pnick`) USING BTREE,
  KEY `tnick` (`tnick`) USING BTREE
) ENGINE=InnoDB DEFAULT CHARSET=utf8 ROW_FORMAT=DYNAMIC;

-- Дамп данных таблицы projectlogs.ticketlog: ~0 rows (приблизительно)
DELETE FROM `ticketlog`;
/*!40000 ALTER TABLE `ticketlog` DISABLE KEYS */;
/*!40000 ALTER TABLE `ticketlog` ENABLE KEYS */;

-- Дамп структуры для таблица projectlogs.votelog
CREATE TABLE IF NOT EXISTS `votelog` (
  `election` text,
  `login` text,
  `votefor` text,
  `time` text
) ENGINE=InnoDB DEFAULT CHARSET=utf8 ROW_FORMAT=DYNAMIC;

-- Дамп данных таблицы projectlogs.votelog: ~0 rows (приблизительно)
DELETE FROM `votelog`;
/*!40000 ALTER TABLE `votelog` DISABLE KEYS */;
/*!40000 ALTER TABLE `votelog` ENABLE KEYS */;

/*!40101 SET SQL_MODE=IFNULL(@OLD_SQL_MODE, '') */;
/*!40014 SET FOREIGN_KEY_CHECKS=IF(@OLD_FOREIGN_KEY_CHECKS IS NULL, 1, @OLD_FOREIGN_KEY_CHECKS) */;
/*!40101 SET CHARACTER_SET_CLIENT=@OLD_CHARACTER_SET_CLIENT */;
/*!40111 SET SQL_NOTES=@OLD_SQL_NOTES */;
